번호,무장,주의,통솔,무력,지력,정치,매력,성별,생년,등장년,사관년,몰년,상성,군단,소속,소재,전법,전법1,전법2,전법3,전법4,전법5,전법6,개성,개성1,개성2,개성3,개성4,개성5
1,가규,왕도,76,61,84,85,76,남,177,199,0,231,29,,낙양,낙양,5,연노,견제,업화,투석,구축,,5,침착,모략,축성,농정,개수
2,가범,왕도,60,62,73,62,62,남,202,221,251,237,136,공손도,양평,양평,2,치료,진정,,,,,1,진흥,,,,
3,가비능,패도,77,72,51,57,66,남,172,191,0,235,59,,진양,진양,2,화시,교란,,,,,2,선비,동원,,,
4,가신,할거,68,69,51,45,42,남,171,199,0,220,29,,낙양,낙양,2,분전,저지,,,,,1,위무,,,,
5,가충,명리,54,31,89,85,9,남,217,231,251,282,31,사마의,장안,장안,3,저지,도발,매성,,,,4,봉살,지낭,능리,인맥,
6,가화,왕도,50,65,40,29,52,남,176,195,0,224,123,,여강,여강,2,철벽,교란,,,,,1,호위,,,,
7,가후,할거,86,48,97,85,57,남,147,184,251,223,20,장수,완,완,5,허유엄살,화시,도발,매성,정란,,5,궤계,침착,봉살,언독,책사
8,간옹,명리,22,33,70,71,74,남,164,184,251,225,73,유비,영안,영안,2,매성,충차,,,,,1,논객,,,,
9,감녕,아도,87,94,76,18,55,남,174,193,251,222,129,손견,시상,시상,6,금범강습,제사,교란,투석,구축,강습,5,위풍,수전,담력,과감,공명
10,감씨,예교,27,5,58,60,72,여,175,189,251,210,75,유비,영안,영안,1,고무,,,,,,1,응원,,,,
11,감택,예교,43,49,83,86,73,남,182,201,0,243,127,,회계,회계,5,업화,도발,치료,정란,구축,,4,안목,논객,학자,소욕,
12,강단,할거,60,77,26,43,41,남,168,184,0,237,60,,한중,한중,2,분전,교란,,,,,2,강저,저돌,,,
13,강서,왕도,41,35,56,47,65,남,177,196,0,232,21,,천수,천수,2,업화,저지,,,,,1,소심,,,,
14,강유,패도,91,89,90,67,80,남,202,225,251,264,73,유비,영안,영안,5,기염만장,급습,연노,견제,업화,,5,묘산,석병,담력,일심,봉살
15,견씨,예교,15,7,72,66,90,여,182,200,251,221,25,원소,남피,남피,2,저지,고무,,,,,1,경국,,,,
16,견초,왕도,72,71,73,75,72,남,168,189,0,244,30,,남피,남피,3,급습,저지,혼란,,,,2,친오,친선,,,
17,견홍,패도,70,72,66,64,58,남,224,243,251,272,40,등애,신야,신야,4,돌격,매성,정란,충차,,,2,산전,장구,,,
18,경기,왕도,36,25,60,69,55,남,182,201,0,218,91,,허창,허창,2,혼란,매성,,,,,1,법률,,,,
19,경무,왕도,32,40,61,70,55,남,154,184,251,191,91,한복,업,업,2,대갈,매성,,,,,1,동지,,,,
20,계옹,할거,63,52,41,40,58,남,170,184,251,192,67,공손찬,북평,북평,0,,,,,,,1,공명,,,,
21,고간,할거,74,59,53,60,66,남,168,187,251,206,101,원소,남피,남피,3,연노,철벽,견제,,,,2,견뢰,동원,,,
22,고담,예교,33,23,69,77,75,남,205,219,0,246,120,,오,오,1,구축,,,,,,3,명경,능리,인맥,,
23,고당륭,예교,35,24,76,85,69,남,190,210,0,244,27,,진류,진류,2,정란,충차,,,,,1,학자,,,,
24,고람,패도,76,82,68,55,62,남,159,184,251,201,27,원소,남피,남피,3,분전,견제,교란,,,,2,앙양,절약,,,
25,고번,명리,62,56,34,28,47,남,167,186,251,202,91,원소,남피,남피,1,강습,,,,,,2,조타,경솔,,,
26,고상,왕도,68,68,51,43,55,남,194,213,0,252,69,,자동,자동,3,제사,업화,정란,,,,1,운반,,,,
27,고소,예교,14,9,64,79,70,남,184,198,0,214,120,,오,오,1,구축,,,,,,3,명성,안목,허약,,
28,고순,할거,88,86,60,46,69,남,162,186,251,198,144,여포,하비,하비,5,함진영,돌격,교란,매성,충차,,5,붕벽,담력,절약,강건,소욕
29,고승,아도,67,73,40,21,23,남,145,184,251,184,7,장각,평원,평원,2,화시,경파,,,,,2,적도,저돌,,,
30,고승,예교,64,62,54,52,66,남,210,224,0,246,120,,오,오,3,철벽,견제,고무,,,,2,둔전,숲전,,,
31,고옹,예교,43,18,80,90,78,남,168,197,0,243,120,,오,오,2,진정,정란,,,,,3,명성,진흥,안목,,
32,고유,왕도,56,44,72,79,76,남,174,193,251,263,101,원소,남피,남피,2,저지,치료,,,,,1,법률,,,,
33,고정,할거,55,63,43,44,46,남,188,207,251,251,63,옹개,건녕,건녕,1,견제,,,,,,1,우유,,,,
34,고패,할거,66,65,69,57,52,남,170,189,251,212,53,유언,면죽관,면죽관,3,화시,철벽,저지,,,,3,산전,개수,경솔,,
35,곡리,왕도,43,68,33,15,40,남,191,205,0,233,125,,오,오,2,철벽,구축,,,,,1,혈로,,,,
36,공도,아도,57,70,23,22,37,남,164,184,251,200,74,장각,평원,평원,2,제사,매성,,,,,2,운반,적도,,,
37,공손강,할거,73,66,65,62,57,남,172,186,251,210,142,공손도,양평,양평,4,급습,저지,구축,시람,,,1,봉살,,,,
38,공손공,예교,40,17,69,61,47,남,174,188,251,238,142,공손도,양평,양평,2,혼란,구축,,,,,3,소심,나약,허약,,
39,공손도,아도,67,71,68,63,42,남,154,184,251,204,142,공손도,양평,양평,4,연노,투석,강습,시람,,,3,징세,공명,탐욕,,
40,공손범,할거,72,68,63,61,62,남,158,184,251,199,65,공손찬,북평,북평,3,급습,경파,교란,,,,2,위무,개수,,,
41,공손속,패도,63,68,53,61,64,남,176,190,251,199,65,공손찬,북평,북평,2,돌격,매성,,,,,1,동원,,,,
42,공손연,아도,66,70,60,42,50,남,205,219,251,238,10,공손도,양평,양평,4,업화,도발,매성,시람,,,5,사역,징세,낭비,오만,탐욕
43,공손월,할거,73,71,48,53,66,남,160,184,251,192,65,공손찬,북평,북평,3,돌격,격려,저지,,,,2,불굴,직정,,,
44,공손찬,패도,84,83,71,46,77,남,152,184,251,199,65,공손찬,북평,북평,5,백마의종,급습,철벽,대갈,매성,,5,견수,질주,축성,견뢰,소침
45,공손황,예교,52,42,64,49,67,남,200,214,251,238,142,공손도,양평,양평,1,진정,,,,,,2,소욕,소심,,,
46,공융,예교,30,5,72,76,65,남,153,184,251,208,43,공융,북해,북해,2,대갈,매성,,,,,5,시상,명성,문화,인맥,소심
47,공주,예교,26,16,67,78,68,남,151,184,251,194,35,공주,여남,여남,1,진정,,,,,,2,교화,인맥,,,
48,공지,명리,44,53,61,64,48,남,178,197,251,242,83,김선,무릉,무릉,2,연노,매성,,,,,1,소심,,,,
49,곽가,패도,62,15,98,84,80,남,170,189,251,207,25,조조,허창,허창,5,병귀신속,업화,저지,혼란,매성,,5,신안,질주,침착,해제,책사
50,곽도,명리,56,50,82,68,40,남,155,184,251,205,111,원소,남피,남피,3,업화,혼란,충차,,,,4,선동,공명,나약,탐욕,
51,곽마,할거,68,71,47,21,50,남,239,253,0,280,132,,건안,건안,3,급습,대갈,강습,,,,2,숲전,동원,,,
52,곽사,아도,65,76,13,14,13,남,146,184,251,197,1,동탁,천수,천수,3,분전,화시,매성,,,,4,징세,공명,악명,탐욕,
53,곽석,아도,58,62,43,32,40,남,158,184,0,187,10,,계양,계양,1,화시,,,,,,2,적도,저돌,,,
54,곽여왕,패도,22,6,70,64,68,여,184,202,251,235,26,조조,허창,허창,2,혼란,매성,,,,,1,재원,,,,
55,곽원,아도,66,73,36,33,45,남,167,191,0,202,100,,남피,남피,2,급습,교란,,,,,3,맹자,저돌,경솔,,
56,곽유지,예교,13,9,66,78,61,남,190,209,0,259,80,,완,완,0,,,,,,,2,소욕,소심,,,
57,곽익,왕도,72,69,69,72,74,남,207,221,0,270,67,,강릉,강릉,4,연노,철벽,저지,투석,,,3,숲전,불굴,친만,,
58,곽준,왕도,76,65,72,63,70,남,178,197,0,217,67,,강릉,강릉,3,철벽,고무,투석,,,,2,담력,견뢰,,,
59,곽혁,명리,20,24,70,74,28,남,187,201,251,228,27,조조,허창,허창,2,도발,매성,,,,,1,언독,,,,
60,곽회,패도,87,78,82,75,76,남,187,206,0,255,20,,진양,진양,5,불요불굴,분전,업화,저지,진정,,5,견수,산전,후위,불굴,신중
61,관구검,패도,78,74,55,56,53,남,202,220,251,255,39,관구검,수춘,수춘,5,돌격,경파,업화,도발,정란,,4,독려,농정,개수,소침,
62,관구수,할거,58,62,33,38,51,남,206,225,251,265,39,관구검,수춘,수춘,2,연노,구축,,,,,1,모집,,,,
63,관구전,할거,62,58,68,70,61,남,224,238,251,255,39,관구검,수춘,수춘,2,격려,업화,,,,,1,운반,,,,
64,관구흥,왕도,68,64,50,68,70,남,176,195,251,226,39,관구검,수춘,수춘,3,분전,견제,매성,,,,3,축성,위무,친강,,
65,관색,아도,73,88,54,45,72,남,200,214,251,239,75,유비,영안,영안,4,급습,대갈,교란,강습,,,4,숲전,과감,강건,저돌,
66,관순,예교,35,38,70,59,61,남,158,186,251,191,91,한복,업,업,2,매성,진정,,,,,1,동지,,,,
67,관승,아도,63,71,24,16,25,남,158,184,0,207,118,,북해,북해,2,급습,강습,,,,,2,수전,적도,,,
68,관우,왕도,96,97,75,63,94,남,162,184,251,219,75,유비,영안,영안,6,군신,돌격,경파,저지,도발,구축,5,신장,단기,영명,구심,주석
69,관은병,왕도,71,72,39,48,70,여,204,218,251,271,75,유비,영안,영안,3,분전,격려,견제,,,,3,숲전,혈로,친만,,
70,관이,왕도,50,62,44,48,59,남,219,233,251,263,75,유비,영안,영안,1,연노,,,,,,1,모집,,,,
71,관정,명리,36,52,72,63,41,남,158,184,251,199,65,공손찬,북평,북평,2,업화,매성,,,,,3,신중,징세,소심,,
72,관통,왕도,63,60,61,62,72,남,218,232,251,259,75,유비,영안,영안,2,제사,고무,,,,,1,교련,,,,
73,관통,왕도,64,68,32,25,53,남,161,184,0,205,110,,북해,북해,2,철벽,교란,,,,,1,불굴,,,,
74,관평,왕도,77,82,68,60,76,남,186,200,251,219,75,유비,영안,영안,4,충용의열,경파,견제,구축,,,3,일심,불굴,교련,,
75,관해,아도,70,80,10,5,25,남,160,184,251,193,7,장각,평원,평원,2,경파,대갈,,,,,3,호걸,적도,저돌,,
76,관흥,왕도,76,86,63,58,74,남,199,213,251,234,75,유비,영안,영안,4,용양용전,제사,격려,저지,,,3,원시,호걸,일심,,
77,괴량,명리,68,33,88,82,71,남,155,184,251,204,40,유표,양양,양양,5,연노,도발,정란,투석,시람,,4,숲전,봉살,능리,견뢰,
78,괴월,할거,47,27,82,88,73,남,157,184,251,214,40,유표,양양,양양,4,업화,저지,매성,구축,,,4,명경,책사,진흥,위무,
79,교모,명리,56,45,69,70,73,남,150,184,251,190,98,유대,복양,복양,3,업화,혼란,매성,,,,2,선동,낭비,,,
80,교유,명리,65,69,38,41,55,남,143,184,251,195,137,원술,여강,여강,3,분전,격려,업화,,,,1,교련,,,,
81,구건,왕도,40,52,65,52,55,남,239,253,251,272,33,종회,강주,강주,2,저지,도발,,,,,1,침착,,,,
82,구력거,패도,80,69,56,52,60,남,152,184,251,193,91,유우,계,계,3,돌격,견제,고무,,,,2,오환,동원,,,
83,구본,명리,50,41,67,54,53,남,232,251,251,269,41,등애,신야,신야,2,화시,도발,,,,,1,언독,,,,
84,구부,할거,74,72,67,53,60,남,195,219,0,252,69,,자동,자동,3,화시,철벽,진정,,,,2,산전,모집,,,
85,구성,아도,56,68,38,29,53,남,157,184,0,187,12,,장사,장사,3,분전,경파,구축,,,,2,적도,공명,,,
86,구안,할거,65,68,48,52,45,남,214,233,0,264,73,,강주,강주,3,제사,경파,매성,,,,2,축성,동요,,,
87,국연,아도,68,69,50,25,37,남,174,193,0,221,59,,무위,무위,2,급습,화시,,,,,3,친강,적도,공명,,
88,국연,예교,51,19,71,86,74,남,160,184,0,219,21,,북해,북해,3,치료,투석,구축,,,,5,둔전,조달,농정,능리,소욕
89,국의,아도,82,78,50,19,27,남,146,184,251,191,99,원소,남피,남피,3,돌격,제사,매성,,,,5,원시,앙양,친강,저돌,탐욕
90,규람,아도,50,64,38,32,13,남,165,192,0,204,1,,건업,건업,1,교란,,,,,,3,경솔,탐욕,저돌,,
91,극정,예교,10,6,63,74,61,남,208,227,0,278,80,,성도,성도,1,투석,,,,,,4,진흥,문화,학자,소욕,
92,금환삼결,아도,64,76,19,17,44,남,192,217,251,225,62,맹획,운남,운남,1,분전,,,,,,3,남만,공명,직정,,
93,기령,패도,78,83,51,48,60,남,155,184,251,199,140,원술,여강,여강,4,분전,격려,저지,구축,,,3,후위,일심,불굴,,
94,김상,예교,47,36,60,73,63,남,152,184,251,197,90,원술,여강,여강,2,제사,혼란,,,,,2,신중,진흥,,,
95,김선,할거,52,68,13,29,45,남,155,184,251,208,46,김선,무릉,무릉,1,돌격,,,,,,2,저돌,단려,,,
96,김의,왕도,18,38,63,67,64,남,177,197,251,218,58,김선,무릉,무릉,2,혼란,매성,,,,,1,선동,,,,
97,나헌,왕도,84,70,74,70,72,남,218,237,0,270,76,,양양,양양,5,제사,연노,철벽,고무,투석,,3,불굴,견뢰,소욕,,
98,낙통,예교,76,57,73,76,74,남,193,207,0,228,122,,회계,회계,4,제사,고무,정란,강습,,,3,수전,진흥,개수,,
99,내민,명리,38,34,66,60,31,남,164,184,0,260,59,,신야,신야,1,충차,,,,,,3,인맥,학자,오만,,
100,냉포,아도,71,82,67,38,22,남,176,205,0,214,54,,성도,성도,3,제사,화시,매성,,,,2,숲전,공명,,,
101,노숙,왕도,81,56,92,92,89,남,172,191,251,217,124,손견,시상,시상,5,명찰추호,화시,치료,정란,구축,,5,침착,독려,조달,동원,부호
102,노숙,왕도,70,53,74,77,71,남,208,226,251,274,124,손견,시상,시상,3,업화,정란,구축,,,,3,수전,능리,부호,,
103,노식,왕도,86,63,82,85,85,남,139,184,251,192,75,하진,낙양,낙양,5,연노,견제,경파,고무,충차,,5,붕벽,태연,명경,명성,학자
104,노육,예교,30,23,71,79,78,남,183,207,0,257,75,,계,계,3,대갈,고무,투석,,,,4,절약,법률,교화,안목,
105,노초,패도,67,74,21,23,27,남,174,193,0,219,30,,진류,진류,3,제사,견제,도발,,,,1,공명,,,,
106,뇌공,예교,53,35,60,69,64,남,170,194,0,237,66,,영릉,영릉,3,업화,저지,고무,,,,2,교화,인맥,,,
107,뇌동,패도,69,78,51,37,53,남,172,191,0,218,59,,성도,성도,2,급습,제사,,,,,3,산전,저돌,직정,,
108,뇌박,아도,63,71,36,8,13,남,157,184,251,206,142,원술,여강,여강,2,분전,업화,,,,,4,산전,적도,저돌,단려,
109,뇌서,아도,65,68,34,13,22,남,172,196,0,213,142,,여강,여강,2,돌격,경파,,,,,3,동원,적도,공명,,
110,뇌서,아도,60,63,34,24,31,남,165,184,251,197,148,장수,완,완,0,,,,,,,1,저돌,,,,
111,누규,명리,52,13,83,67,11,남,143,184,0,212,42,,완,완,3,저지,도발,정란,,,,3,언독,축성,오만,,
112,누반,아도,65,75,39,30,52,남,178,198,0,207,100,,북평,북평,1,제사,,,,,,2,오환,동원,,,
113,누현,패도,23,21,67,77,80,남,223,242,0,275,130,,소패,소패,3,투석,구축,강습,,,,3,절약,명성,농정,,
114,능조,패도,75,81,42,35,54,남,165,184,0,203,127,,오,오,4,급습,도발,강습,시람,,,4,앙양,수전,저돌,격분,
115,능통,패도,77,89,58,40,70,남,189,203,0,237,127,,오,오,5,사사삼백,분전,교란,구축,시람,,5,소탕,호걸,수전,과감,혈로
116,단외,명리,55,48,54,73,70,남,148,184,251,209,142,동탁,천수,천수,2,고무,치료,,,,,2,조달,농정,,,
117,담웅,패도,58,73,14,19,36,남,188,207,0,221,132,,무릉,무릉,1,돌격,,,,,,1,공명,,,,
118,답돈,아도,82,81,52,34,55,남,158,184,0,207,99,,북평,북평,3,급습,제사,대갈,,,,4,오환,동원,강건,저돌,
119,당균,명리,33,23,77,56,45,남,229,248,251,264,40,등애,신야,신야,2,도발,충차,,,,,1,언독,,,,
120,당빈,패도,68,74,66,53,60,남,235,253,0,294,32,,소패,소패,4,화시,경파,정란,구축,,,4,교화,교련,친선,탐욕,
121,당자,할거,61,71,50,52,63,남,196,225,251,265,132,관구검,수춘,수춘,3,견제,구축,시람,,,,2,조달,조타,,,
122,대교,패도,18,12,73,69,92,여,177,194,251,210,125,손견,시상,시상,2,격려,시람,,,,,2,응원,악주,,,
123,대래동주,예교,51,53,54,43,64,남,195,217,251,249,60,맹획,운남,운남,2,저지,고무,,,,,3,남만,인맥,친만,,
124,대릉,할거,68,75,39,43,51,남,199,218,0,258,28,,안정,안정,2,경파,매성,,,,,1,단려,,,,
125,대원,아도,35,32,52,48,22,남,166,192,0,204,1,,건업,건업,0,,,,,,,1,탐욕,,,,
126,도겸,명리,51,33,63,64,77,남,132,184,251,194,82,도겸,소패,소패,3,견제,업화,혼란,,,,3,조달,동원,소심,,
127,도준,할거,67,66,51,50,53,남,238,253,0,285,120,,건업,건업,3,제사,투석,구축,,,,3,조타,소침,동요,,
128,도황,왕도,80,67,68,75,80,남,232,246,0,290,120,,건업,건업,5,분전,견제,충차,구축,시람,,4,숲전,조타,교화,위무,
129,동궐,왕도,65,59,75,78,63,남,204,223,0,271,73,,신야,신야,3,연노,고무,정란,,,,2,절약,조달,,,
130,동도나,할거,68,73,33,37,49,남,189,217,251,225,62,맹획,운남,운남,2,경파,매성,,,,,2,남만,우유,,,
131,동민,아도,49,60,24,10,20,남,149,184,251,192,1,동탁,천수,천수,2,교란,도발,,,,,3,징세,낭비,탐욕,,
132,동백,예교,5,2,43,51,57,여,177,190,251,192,1,동탁,천수,천수,0,,,,,,,1,부호,,,,
133,동부,예교,5,4,67,56,68,남,111,184,251,192,55,유언,성도,성도,0,,,,,,,2,점술,학자,,,
134,동소,명리,24,25,85,82,59,남,156,184,251,236,21,정원,진양,진양,2,업화,충차,,,,,5,태연,운반,축성,책사,강건
135,동습,할거,72,85,50,48,60,남,169,188,0,215,127,,회계,회계,4,경파,구축,강습,시람,,,3,조타,위무,저돌,,
136,동승,왕도,57,55,65,61,74,남,154,184,251,200,89,하진,낙양,낙양,3,격려,저지,정란,,,,2,혈로,소침,,,
137,동윤,예교,47,28,78,91,73,남,192,214,0,246,78,,강릉,강릉,3,제사,진정,투석,,,,3,동지,진흥,교화,,
138,동조,예교,16,13,54,69,67,남,221,240,0,281,129,,회계,회계,1,충차,,,,,,1,능리,,,,
139,동탁,아도,85,85,69,19,37,남,139,184,251,192,1,동탁,천수,천수,5,도산경해,연노,대갈,업화,매성,,5,효웅,사역,징세,악명,탐욕
140,동형,아도,60,59,41,32,30,남,169,193,0,219,29,,안정,안정,1,교란,,,,,,2,공명,동요,,,
141,동화,예교,57,34,73,87,72,남,168,187,0,219,66,,강릉,강릉,1,진정,,,,,,4,법률,교화,친만,소욕,
142,동황,아도,43,37,26,18,25,남,168,185,251,192,2,동탁,천수,천수,1,업화,,,,,,2,징세,낭비,,,
143,두경,예교,50,38,63,58,60,남,167,194,0,250,63,,성도,성도,2,저지,매성,,,,,2,점술,문화,,,
144,두기,왕도,66,32,74,87,76,남,163,184,0,224,32,,장안,장안,4,제사,저지,치료,투석,,,4,운반,진흥,교화,교련,
145,두습,왕도,73,58,77,71,64,남,164,184,0,237,29,,허창,허창,3,철벽,견제,치료,,,,3,산전,농정,모집,,
146,두씨,할거,16,3,50,48,67,여,172,191,251,221,16,여포,하비,하비,0,,,,,,,1,응원,,,,
147,두예,왕도,86,30,85,80,81,남,222,241,251,284,32,사마의,장안,장안,6,화시,연노,고무,정란,구축,강습,5,수전,장구,앙양,법률,문화
148,등룡,아도,54,67,36,26,33,남,172,191,0,208,41,,신야,신야,1,구축,,,,,,2,조타,저돌,,,
149,등무,아도,61,76,29,17,35,남,147,184,251,184,7,장각,평원,평원,2,화시,매성,,,,,2,적도,저돌,,,
150,등방,할거,71,68,59,52,55,남,178,202,0,222,66,,강릉,강릉,2,화시,격려,,,,,2,모집,친만,,,
151,등수,패도,44,32,31,71,62,남,228,247,0,288,114,,완,완,0,,,,,,,1,교련,,,,
152,등애,패도,94,87,89,81,70,남,197,216,251,264,41,등애,신야,신야,6,강장진군,제사,격려,고무,진정,충차,5,지리,질주,장구,둔전,농정
153,등윤,예교,29,41,71,76,64,남,194,221,251,256,116,유요,건업,건업,2,정란,구축,,,,,2,태연,교화,,,
154,등의,예교,42,22,61,72,56,남,165,189,0,216,30,,신야,신야,2,저지,매성,,,,,1,소심,,,,
155,등지,할거,73,52,79,85,88,남,182,201,0,251,73,,신야,신야,4,연노,견제,진정,투석,,,4,절약,개수,논객,소욕,
156,등충,패도,72,85,68,53,67,남,230,244,251,264,41,등애,신야,신야,3,분전,고무,진정,,,,2,산전,장구,,,
157,등현,명리,61,72,45,36,47,남,188,208,251,248,54,맹달,상용,상용,1,제사,,,,,,1,소심,,,,
158,마균,명리,5,8,64,60,27,남,200,219,0,259,29,,안정,안정,3,정란,충차,투석,,,,2,발명,학자,,,
159,마대,할거,78,85,59,54,74,남,183,197,251,246,70,마등,무위,무위,4,철기돌,돌격,격려,견제,,,4,장구,후위,침착,친강,
160,마등,할거,82,80,51,59,89,남,149,184,251,211,70,마등,무위,무위,4,돌격,경파,대갈,고무,,,5,질주,일심,불굴,친강,직정
161,마량,예교,46,23,84,91,86,남,187,206,251,222,77,유비,영안,영안,4,업화,치료,투석,구축,,,4,명성,능리,인맥,논객,
162,마륭,왕도,84,68,78,64,66,남,231,245,0,303,36,,복양,복양,5,연노,업화,저지,혼란,충차,,4,발명,산전,봉살,모집,
163,마막,명리,19,12,6,35,15,남,221,240,0,265,50,,자동,자동,0,,,,,,,2,소심,소침,,,
164,마속,명리,64,67,87,68,67,남,190,209,251,228,80,유비,영안,영안,3,업화,도발,매성,,,,5,석병,책사,지낭,저돌,오만
165,마연,할거,47,60,28,23,36,남,166,185,251,208,93,원소,남피,남피,1,교란,,,,,,1,소심,,,,
166,마완,아도,71,74,16,23,35,남,170,189,251,211,48,한수,안정,안정,2,돌격,경파,,,,,2,과감,저돌,,,
167,마운록,할거,70,73,39,32,61,여,183,197,251,225,70,마등,무위,무위,2,급습,격려,,,,,1,과감,,,,
168,마일제,왕도,43,25,70,58,52,남,140,184,251,194,91,하진,낙양,낙양,2,화시,매성,,,,,3,명성,사관,소심,,
169,마준,명리,38,52,31,51,47,남,196,215,0,260,19,,천수,천수,0,,,,,,,4,친강,소침,나약,소심,
170,마철,할거,70,62,56,47,59,남,179,193,251,211,70,마등,무위,무위,2,돌격,경파,,,,,1,친강,,,,
171,마초,아도,90,96,44,26,82,남,176,189,251,226,70,마등,무위,무위,5,신위천관,돌격,대갈,교란,매성,,5,신위,단기,질주,저돌,경솔
172,마충,아도,67,79,60,35,38,남,186,205,0,222,131,,시상,시상,3,급습,교란,도발,,,,3,숲전,포박,저돌,,
173,마충,할거,78,72,68,78,79,남,187,205,0,249,69,,자동,자동,4,제사,화시,경파,정란,,,3,숲전,모집,친만,,
174,마휴,할거,68,73,47,45,67,남,178,192,251,211,70,마등,무위,무위,2,분전,대갈,,,,,1,불굴,,,,
175,만욱,명리,21,23,70,63,36,남,240,253,0,272,116,,건업,건업,1,정란,,,,,,1,소심,,,,
176,만총,패도,85,64,82,84,81,남,170,189,251,242,29,조조,허창,허창,6,화시,철벽,도발,진정,투석,구축,5,견수,화공,규율,축성,견뢰
177,망아장,아도,45,79,3,2,9,남,191,217,251,225,51,맹획,운남,운남,2,돌격,대갈,,,,,3,남만,호걸,저돌,,
178,맹건,왕도,52,31,71,77,68,남,177,207,0,238,45,,여남,여남,2,업화,충차,,,,,2,석병,능리,,,
179,맹광,아도,12,15,64,69,36,남,168,187,0,263,68,,낙양,낙양,1,매성,,,,,,1,학자,,,,
180,맹달,아도,75,73,74,67,55,남,172,191,251,228,44,맹달,상용,상용,5,제사,업화,혼란,도발,매성,,4,악주,선동,공명,동요,
181,맹우,할거,50,68,22,18,37,남,190,215,251,251,60,맹획,운남,운남,2,분전,저지,,,,,3,남만,친만,경솔,,
182,맹종,예교,47,28,69,74,78,남,216,235,0,271,120,,강하,강하,3,고무,충차,구축,,,,1,교화,,,,
183,맹획,아도,80,87,42,45,80,남,186,212,251,250,60,맹획,운남,운남,4,만왕포효,분전,대갈,매성,,,5,남만,재기,강건,저돌,직정
184,모개,왕도,64,39,60,78,58,남,161,184,0,216,29,,진류,진류,3,업화,매성,구축,,,,2,조타,안목,,,
185,목록대왕,아도,66,72,39,5,30,남,184,216,251,225,51,맹획,운남,운남,4,돌격,화시,교란,혼란,,,4,남만,환술,공명,경솔,
186,목순,할거,52,77,11,21,22,남,157,184,251,190,94,정원,진양,진양,1,돌격,,,,,,1,공명,,,,
187,무안국,할거,68,83,34,33,27,남,156,184,251,190,43,공융,북해,북해,2,분전,대갈,,,,,2,호걸,저돌,,,
188,문빙,왕도,83,82,66,68,70,남,178,197,251,237,28,유표,양양,양양,5,분전,철벽,충차,구축,강습,,3,견수,불굴,견뢰,,
189,문앙,아도,78,91,63,32,65,남,222,236,251,285,38,관구검,수춘,수춘,4,용왕매진,돌격,교란,고무,,,4,소탕,호걸,후위,과감,
190,문추,아도,85,94,25,25,40,남,161,184,251,200,102,원소,남피,남피,5,질풍신뢰,돌격,제사,대갈,도발,,5,효장,호걸,노발,저돌,직정
191,문칙,명리,59,53,32,35,47,남,163,184,251,199,65,공손찬,북평,북평,1,경파,,,,,,1,경솔,,,,
192,문호,아도,66,72,45,30,58,남,227,241,251,279,38,관구검,수춘,수춘,2,분전,대갈,,,,,1,교련,,,,
193,문흠,아도,74,83,43,33,20,남,200,217,251,258,38,관구검,수춘,수춘,3,분전,대갈,매성,,,,4,개수,공명,격분,오만,
194,미당대왕,아도,64,69,31,42,55,남,202,221,0,253,53,,천수,천수,1,급습,,,,,,3,강저,동원,단려,,
195,미방,명리,54,61,31,23,18,남,169,188,251,222,108,유비,영안,영안,1,업화,,,,,,3,부호,소심,우유,,
196,미씨,예교,22,9,67,68,73,여,176,194,251,208,75,유비,영안,영안,1,고무,,,,,,2,응원,부호,,,
197,미축,예교,33,29,77,83,84,남,165,184,251,220,77,유비,영안,영안,2,치료,진정,,,,,3,조달,동원,부호,,
198,반림,할거,63,76,28,17,25,남,168,184,0,225,148,,회계,회계,1,교란,,,,,,2,산월,공명,,,
199,반봉,아도,56,77,4,14,25,남,155,184,251,190,94,한복,업,업,2,분전,대갈,,,,,1,호걸,,,,
200,반씨,아도,25,42,69,44,50,여,217,231,251,252,125,손견,시상,시상,2,도발,매성,,,,,3,언독,오만,탐욕,,
201,반장,아도,76,80,70,28,7,남,177,196,0,222,129,,진류,진류,4,화시,도발,구축,강습,,,5,수전,포박,공명,낭비,탐욕
202,반준,명리,61,18,67,84,21,남,174,193,0,239,44,,무릉,무릉,3,업화,저지,구축,,,,4,동지,진흥,법률,소심,
203,방덕,할거,81,94,71,44,70,남,170,184,251,219,65,마등,무위,무위,5,백마철기,제사,저지,매성,충차,,4,원시,호걸,담력,불굴,
204,방림,예교,54,42,67,69,58,남,184,208,251,245,73,유비,영안,영안,2,연노,구축,,,,,1,석병,,,,
205,방열,할거,68,80,44,46,48,남,153,184,0,190,94,,진양,진양,2,분전,경파,,,,,1,호걸,,,,
206,방육,예교,38,36,63,69,58,남,178,197,0,237,40,,무위,무위,2,철벽,업화,,,,,1,소욕,,,,
207,방통,패도,78,34,97,85,69,남,179,208,251,214,73,유비,영안,영안,6,연환지계,연노,업화,혼란,정란,구축,5,봉추,석병,선동,지낭,인맥
208,방회,패도,68,75,47,42,52,남,205,219,251,272,65,마등,무위,무위,2,대갈,투석,,,,,1,과감,,,,
209,방희,명리,60,38,68,74,62,남,153,184,251,218,55,유언,성도,성도,3,업화,혼란,매성,,,,3,동원,인맥,개수,,
210,배수,예교,8,9,70,80,42,남,224,243,251,271,30,사마의,장안,장안,2,정란,충차,,,,,3,발명,지리,문화,,
211,배원소,아도,49,65,25,27,41,남,169,184,251,200,68,장각,평원,평원,2,분전,매성,,,,,2,적도,저돌,,,
212,배잠,왕도,63,30,74,75,51,남,183,202,0,244,28,,낙양,낙양,1,철벽,,,,,,3,독려,조달,능리,,
213,번건,예교,43,24,71,77,73,남,205,224,0,270,78,,신야,신야,3,매성,고무,충차,,,,2,운반,능리,,,
214,번능,아도,69,61,36,31,53,남,158,184,251,195,8,유요,건업,건업,3,연노,매성,구축,,,,1,저돌,,,,
215,번씨,왕도,18,17,56,54,65,여,176,200,251,215,76,조범,계양,계양,0,,,,,,,1,응원,,,,
216,번조,아도,67,74,31,24,38,남,149,184,251,192,149,동탁,천수,천수,2,돌격,경파,,,,,2,공명,경솔,,,
217,범강,명리,49,50,33,23,16,남,184,209,0,222,100,,영안,영안,0,,,,,,,1,소심,,,,
218,범방,할거,54,58,38,33,45,남,160,184,251,192,65,공손찬,북평,북평,1,견제,,,,,,1,모집,,,,
219,법정,명리,82,47,94,78,57,남,176,195,251,220,72,맹달,상용,상용,6,기략종횡,화시,연노,도발,정란,충차,5,궤계,언독,지리,책사,법률
220,변씨,패도,35,24,73,75,88,여,160,184,251,230,25,조조,허창,허창,2,고무,치료,,,,,2,응원,악주,,,
221,변희,아도,56,70,62,37,24,남,169,184,251,200,8,장각,평원,평원,2,연노,매성,,,,,2,공명,동요,,,
222,보광,할거,68,71,41,36,64,남,175,194,0,244,70,,양양,양양,2,철벽,대갈,,,,,2,교련,위무,,,
223,보도근,아도,66,74,45,44,51,남,170,190,0,233,46,,진양,진양,2,제사,견제,,,,,3,선비,동원,공명,,
224,보연사,왕도,17,10,64,68,87,여,185,199,251,238,125,손견,시상,시상,2,치료,구축,,,,,2,응원,소욕,,,
225,보즐,예교,75,51,84,86,71,남,177,196,0,247,121,,광릉,광릉,4,충차,투석,구축,시람,,,4,침착,교화,안목,위무,
226,보천,패도,70,60,72,63,61,남,222,236,0,272,129,,광릉,광릉,4,저지,도발,구축,시람,,,2,소심,우유,,,
227,보협,할거,71,49,69,65,67,남,216,230,0,264,121,,광릉,광릉,3,연노,철벽,시람,,,,1,개수,,,,
228,복양흥,명리,37,35,70,72,62,남,224,243,0,264,113,,복양,복양,2,정란,구축,,,,,2,능리,낭비,,,
229,봉기,명리,32,21,84,70,39,남,153,184,251,202,110,원소,남피,남피,2,혼란,도발,,,,,4,언독,지낭,공명,오만,
230,부간,왕도,36,17,77,67,60,남,175,187,0,220,61,,천수,천수,3,업화,혼란,정란,,,,2,동지,능리,,,
231,부사인,아도,43,61,37,19,17,남,182,201,0,222,108,,계,계,1,화시,,,,,,2,소심,우유,,,
232,부손,예교,14,10,69,71,45,남,162,184,0,230,38,,장안,장안,1,진정,,,,,,1,안목,,,,
233,부영,왕도,46,58,41,37,50,남,177,200,0,226,125,,건업,건업,1,교란,,,,,,1,신중,,,,
234,부융,할거,65,72,46,42,63,남,183,207,0,222,74,,신야,신야,2,격려,철벽,,,,,2,일심,후위,,,
235,부첨,패도,73,85,72,42,60,남,216,230,0,263,74,,신야,신야,4,돌격,경파,대갈,업화,,,4,맹자,호걸,노발,불굴,
236,부하,왕도,44,35,81,82,70,남,209,228,0,255,28,,장안,장안,3,제사,진정,투석,,,,2,명경,법률,,,
237,비관,왕도,73,64,66,68,78,남,189,207,0,225,66,,강하,강하,3,화시,고무,진정,,,,3,절약,규율,신중,,
238,비시,명리,14,28,63,71,66,남,176,195,0,240,66,,성도,성도,1,진정,,,,,,1,동지,,,,
239,비연,패도,61,66,20,29,47,남,196,215,251,238,141,공손도,양평,양평,1,경파,,,,,,2,축성,공명,,,
240,비요,패도,70,65,73,61,67,남,192,211,0,228,26,,천수,천수,2,분전,매성,,,,,1,불굴,,,,
241,비의,왕도,77,30,83,92,83,남,193,212,0,253,77,,강하,강하,5,연노,업화,진정,투석,강습,,5,독려,조달,논객,진흥,능리
242,비잔,할거,57,69,41,34,31,남,181,200,0,216,7,,건업,건업,1,급습,,,,,,3,산월,저돌,경솔,,
243,사견,예교,28,34,66,72,71,남,164,184,0,222,83,,장안,장안,0,,,,,,,1,명성,,,,
244,사경,명리,15,23,57,69,66,남,200,219,0,246,125,,완,완,0,,,,,,,1,법률,,,,
245,사광,예교,58,45,62,57,55,남,175,194,251,229,134,사섭,교지,교지,1,저지,,,,,,1,우유,,,,
246,사마가,패도,64,84,25,14,46,남,167,206,0,222,71,,무릉,무릉,3,돌격,대갈,매성,,,,3,숲전,맹자,저돌,,
247,사마랑,예교,20,21,71,82,83,남,171,190,251,217,20,사마의,장안,장안,3,격려,치료,진정,,,,2,해독,진흥,,,
248,사마망,명리,72,58,79,67,25,남,205,219,251,271,24,사마의,장안,장안,2,저지,매성,,,,,2,석병,인맥,,,
249,사마부,왕도,71,37,76,79,84,남,180,199,251,272,24,사마의,장안,장안,3,연노,고무,충차,,,,2,조달,문화,,,
250,사마사,패도,79,64,88,84,81,남,208,222,251,255,31,사마의,장안,장안,4,침의대략,견제,업화,충차,,,4,기략,사역,규율,동원,
251,사마소,패도,76,57,87,90,82,남,211,225,251,265,31,사마의,장안,장안,4,심모원려,화시,진정,정란,,,4,궤계,사역,침착,신중,
252,사마염,패도,69,59,76,78,74,남,236,250,251,290,31,사마의,장안,장안,3,제사,저지,매성,,,,5,사역,봉살,낭비,오만,탐욕
253,사마유,왕도,69,65,75,77,87,남,248,253,251,283,30,사마의,장안,장안,3,연노,업화,고무,,,,4,명성,진흥,교화,소욕,
254,사마의,패도,99,63,96,92,90,남,179,198,251,251,31,사마의,장안,장안,6,신기묘산,제사,철벽,매성,진정,투석,5,허실,질주,지리,태연,신중
255,사마주,명리,63,52,62,65,61,남,227,241,251,283,31,사마의,장안,장안,3,혼란,강습,시람,,,,1,신중,,,,
256,사마지,왕도,18,16,61,86,81,남,168,192,251,232,20,사마의,장안,장안,2,고무,진정,,,,,3,독려,법률,농정,,
257,사무,할거,45,42,57,68,66,남,160,184,251,192,139,사섭,교지,교지,0,,,,,,,1,허약,,,,
258,사섭,할거,53,31,78,90,89,남,137,184,251,226,139,사섭,교지,교지,5,고무,치료,투석,구축,시람,,5,명경,명성,진흥,교화,인맥
259,사손서,예교,24,13,65,73,67,남,129,184,251,195,90,하진,낙양,낙양,2,저지,도발,,,,,2,인맥,학자,,,
260,사원,예교,45,37,69,70,77,남,168,187,0,227,83,,장안,장안,1,업화,,,,,,1,명성,,,,
261,사일,예교,48,36,67,75,69,남,153,184,251,229,139,사섭,교지,교지,3,제사,투석,구축,,,,2,교화,능리,,,
262,사적,패도,53,62,32,18,22,남,176,196,0,222,115,,여강,여강,1,경파,,,,,,1,저돌,,,,
263,사정,패도,65,76,34,32,43,남,178,197,0,221,132,,건업,건업,1,교란,,,,,,2,숲전,공명,,,
264,사지,할거,63,58,42,52,43,남,163,184,251,226,146,사섭,교지,교지,2,업화,구축,,,,,1,진흥,,,,
265,사찬,명리,61,71,54,46,15,남,215,234,251,264,41,등애,신야,신야,3,제사,경파,매성,,,,3,장구,공명,탐욕,,
266,사환,패도,72,71,56,38,50,남,176,190,0,202,22,,소패,소패,3,급습,업화,매성,,,,1,저돌,,,,
267,사휘,아도,69,66,44,31,52,남,165,184,251,226,144,사섭,교지,교지,3,화시,매성,강습,,,,2,견뢰,공명,,,
268,사흠,예교,50,38,55,68,60,남,161,184,251,230,134,사섭,교지,교지,0,,,,,,,1,허약,,,,
269,상관자수,할거,47,51,38,34,39,남,196,215,0,260,72,,천수,천수,0,,,,,,,1,소심,,,,
270,상랑,예교,28,16,72,74,69,남,167,196,0,247,79,,양양,양양,1,치료,,,,,,3,석병,능리,학자,,
271,상림,명리,36,28,70,81,63,남,147,184,0,229,34,,진양,진양,2,매성,투석,,,,,2,농정,격분,,,
272,상총,할거,74,61,76,67,71,남,195,214,0,240,79,,양양,양양,3,화시,연노,철벽,,,,2,견수,후위,,,
273,서곤,왕도,66,68,53,55,48,남,169,190,251,203,126,손견,시상,시상,3,견제,저지,구축,,,,1,모집,,,,
274,서구,예교,68,48,62,76,56,남,149,184,251,208,88,공주,여남,여남,3,대갈,업화,강습,,,,1,소심,,,,
275,서막,예교,55,32,67,82,79,남,171,190,0,249,35,,계,계,2,연노,도발,,,,,4,농정,교화,친강,주란,
276,서상,할거,61,69,32,28,37,남,183,202,0,232,33,,진양,진양,1,돌격,,,,,,1,축성,,,,
277,서상,예교,54,42,63,73,70,남,174,201,0,233,115,,오,오,3,격려,업화,진정,,,,2,조달,능리,,,
278,서서,왕도,85,64,93,80,81,남,178,206,251,232,75,유비,영안,영안,5,명경지수,저지,혼란,진정,투석,,5,묘산,석병,봉살,해제,교련
279,서선,왕도,42,41,69,84,72,남,167,191,0,236,21,,광릉,광릉,2,업화,혼란,,,,,2,침착,진흥,,,
280,서성,패도,86,81,77,64,71,남,177,196,0,228,124,,하비,하비,5,위성지계,화시,철벽,강습,시람,,4,견수,축성,담력,조타,
281,서씨,왕도,48,16,75,52,70,여,183,197,251,232,125,손견,시상,시상,1,치료,,,,,,1,점술,,,,
282,서영,패도,81,74,62,43,45,남,147,186,251,190,142,동탁,천수,천수,4,급습,경파,교란,저지,,,2,소탕,봉살,,,
283,서질,아도,66,83,24,18,43,남,207,226,0,253,23,,안정,안정,2,돌격,교란,,,,,2,산전,저돌,,,
284,서혁,왕도,25,11,60,77,71,남,167,191,0,219,27,,하비,하비,1,견제,,,,,,2,규율,위무,,,
285,서황,패도,88,90,74,48,73,남,165,188,251,228,23,조조,허창,허창,5,장구직입,급습,견제,저지,진정,,5,호걸,장구,태연,침착,축성
286,석감,명리,70,60,73,67,22,남,214,233,0,294,38,,진양,진양,3,화시,도발,매성,,,,4,징세,친선,공명,탐욕,
287,석도,왕도,40,34,70,75,65,남,176,207,0,236,50,,허창,허창,2,업화,혼란,,,,,1,석병,,,,
288,석포,패도,69,71,57,53,62,남,214,233,251,272,32,사마의,장안,장안,3,급습,교란,저지,,,,2,후위,농정,,,
289,선경,할거,70,66,44,48,55,남,156,184,251,199,64,공손찬,북평,북평,2,돌격,격려,,,,,1,교련,,,,
290,선우단,할거,65,67,42,23,43,남,190,209,0,239,120,,오,오,1,분전,,,,,,1,교련,,,,
291,선우보,패도,74,69,65,70,72,남,161,190,251,229,96,유우,계,계,3,돌격,격려,저지,,,,3,모집,친오,친선,,
292,설귀니,할거,63,69,33,42,47,남,192,211,0,255,49,,진양,진양,2,급습,격려,,,,,1,선비,,,,
293,설란,패도,60,58,40,52,55,남,160,191,251,195,112,여포,하비,하비,1,분전,,,,,,1,동요,,,,
294,설례,패도,63,52,38,53,52,남,157,184,251,195,11,유요,건업,건업,2,매성,강습,,,,,2,공명,직정,,,
295,설영,왕도,48,18,64,74,60,남,223,237,0,282,131,,소패,소패,1,정란,,,,,,1,사관,,,,
296,설제,왕도,45,19,65,76,78,남,173,192,0,240,29,,복양,복양,3,업화,충차,구축,,,,1,능리,,,,
297,설종,명리,34,16,72,79,64,남,187,206,0,243,128,,소패,소패,3,혼란,투석,구축,,,,3,시상,문화,학자,,
298,설후,예교,16,15,68,72,55,남,221,235,0,271,128,,소패,소패,2,매성,구축,,,,,2,축성,조타,,,
299,섭우,예교,63,49,61,65,69,남,201,220,0,253,121,,시상,시상,1,매성,,,,,,2,인맥,허약,,,
300,성공영,패도,73,70,80,62,68,남,172,189,251,220,36,한수,안정,안정,3,돌격,업화,진정,,,,2,신중,친강,,,
301,성렴,아도,63,73,36,23,34,남,166,190,251,198,149,여포,하비,하비,2,급습,교란,,,,,2,산전,저돌,,,
302,성만,할거,61,68,66,51,56,남,225,244,0,276,126,,강릉,강릉,3,견제,구축,강습,,,,1,조타,,,,
303,성의,할거,73,71,40,45,52,남,168,184,251,211,69,한수,안정,안정,2,교란,도발,,,,,2,저돌,직정,,,
304,소교,패도,17,13,74,68,92,여,178,194,251,210,125,손견,시상,시상,2,고무,강습,,,,,2,응원,악주,,,
305,소비,할거,69,63,66,64,65,남,172,191,0,221,129,,강하,강하,3,제사,철벽,강습,,,,1,수전,,,,
306,소유,명리,51,59,48,40,47,남,164,184,251,210,46,원소,남피,남피,1,매성,,,,,,1,소침,,,,
307,소제,명리,22,16,72,65,57,남,224,243,0,268,31,,평원,평원,2,업화,매성,,,,,1,신중,,,,
308,소칙,왕도,73,52,71,81,66,남,176,195,0,223,20,,장안,장안,3,연노,업화,고무,,,,3,진흥,교화,친강,,
309,손건,예교,34,33,78,84,87,남,165,184,251,215,76,유비,영안,영안,3,도발,고무,충차,,,,3,능리,인맥,논객,,
310,손견,왕도,94,90,77,72,90,남,156,184,251,192,126,손견,시상,시상,5,맹호조아,분전,경파,구축,시람,,5,효장,위풍,수전,과감,직정
311,손관,아도,71,75,51,39,56,남,166,184,251,217,27,도겸,소패,소패,2,급습,교란,,,,,2,숲전,위무,,,
312,손광,할거,52,46,44,64,56,남,186,200,251,207,125,손견,시상,시상,2,구축,강습,,,,,1,허약,,,,
313,손교,패도,77,67,65,71,72,남,181,200,251,219,126,손견,시상,시상,4,화시,경파,정란,구축,,,3,붕벽,운반,주란,,
314,손권,할거,76,67,80,89,95,남,182,196,251,252,125,손견,시상,시상,6,대호웅략,격려,업화,구축,강습,시람,5,임재,조타,진흥,교화,주란
315,손기,명리,60,66,51,60,66,남,227,246,0,278,116,,오,오,3,분전,업화,강습,,,,1,공명,,,,
316,손노반,아도,26,38,74,69,65,여,202,216,251,263,125,손견,시상,시상,3,혼란,매성,강습,,,,3,선동,오만,탐욕,,
317,손노육,예교,16,8,58,56,68,여,204,218,251,255,125,손견,시상,시상,0,,,,,,,1,소심,,,,
318,손등,왕도,62,37,79,80,88,남,209,223,251,241,125,손견,시상,시상,3,격려,고무,시람,,,,5,명성,교화,인맥,소욕,허약
319,손랑,할거,34,43,30,40,42,남,187,201,251,226,125,손견,시상,시상,0,,,,,,,1,경솔,,,,
320,손량,왕도,21,10,70,76,70,남,243,253,251,260,125,손견,시상,시상,3,혼란,구축,시람,,,,1,개수,,,,
321,손려,예교,28,12,74,76,79,남,213,227,251,232,125,손견,시상,시상,2,화시,구축,,,,,2,법률,허약,,,
322,손례,패도,77,81,65,74,73,남,180,204,0,250,20,,계,계,3,분전,철벽,견제,,,,3,맹자,불굴,위무,,
323,손보,명리,67,65,48,42,43,남,173,194,251,207,119,손견,시상,시상,3,견제,교란,강습,,,,1,장구,,,,
324,손분,패도,63,67,40,47,49,남,163,184,251,210,126,손견,시상,시상,2,돌격,격려,,,,,1,모집,,,,
325,손분,아도,46,55,36,23,12,남,231,245,251,270,129,손견,시상,시상,1,구축,,,,,,1,소심,,,,
326,손상향,왕도,67,80,57,56,80,여,193,207,251,222,125,손견,시상,시상,4,호궁,화시,구축,시람,,,2,원시,조타,,,
327,손소,아도,80,78,73,69,72,남,188,207,251,241,124,손견,시상,시상,4,돌격,교란,업화,구축,,,4,과감,조타,교련,공명,
328,손소,예교,17,33,79,83,71,남,163,190,251,225,135,공융,북해,북해,2,투석,구축,,,,,2,지낭,명성,,,
329,손송,할거,48,55,41,35,69,남,203,217,251,231,125,손견,시상,시상,1,강습,,,,,,1,모집,,,,
330,손수,왕도,55,51,53,56,67,남,235,249,251,299,130,손견,시상,시상,3,교란,강습,시람,,,,1,소심,,,,
331,손씨,예교,18,16,60,62,64,여,188,203,251,250,125,손견,시상,시상,0,,,,,,,1,응원,,,,
332,손유,왕도,78,67,68,69,78,남,177,191,251,215,125,손견,시상,시상,4,연노,구축,강습,시람,,,4,구심,규율,조타,친월,
333,손이,할거,69,69,55,62,59,남,223,237,251,272,122,손견,시상,시상,3,연노,구축,시람,,,,1,조타,,,,
334,손익,패도,66,75,27,15,40,남,184,198,251,204,125,손견,시상,시상,2,구축,강습,,,,,3,수전,저돌,주란,,
335,손일,할거,60,63,47,33,46,남,217,231,251,259,126,손견,시상,시상,2,화시,구축,,,,,1,동요,,,,
336,손자,명리,22,13,79,70,58,남,174,196,0,251,19,,진양,진양,2,혼란,진정,,,,,2,선동,능리,,,
337,손정,왕도,66,52,72,71,72,남,160,184,251,206,126,손견,시상,시상,4,진정,충차,구축,시람,,,2,신중,소욕,,,
338,손준,아도,64,69,68,26,10,남,219,238,251,256,115,손견,시상,시상,3,업화,매성,강습,,,,4,징세,소심,악명,탐욕,
339,손중,아도,64,71,36,6,11,남,154,184,251,184,7,장각,평원,평원,1,경파,,,,,,1,적도,,,,
340,손진,할거,67,70,48,44,54,남,234,253,251,280,125,손견,시상,시상,2,분전,격려,,,,,1,동요,,,,
341,손책,패도,93,92,69,68,91,남,175,189,251,200,125,손견,시상,시상,6,호소풍열,돌격,대갈,고무,구축,강습,5,용장,영명,호걸,과감,경솔
342,손침,아도,28,46,65,17,6,남,231,250,251,258,115,손견,시상,시상,2,도발,구축,,,,,4,징세,공명,악명,탐욕,
343,손패,패도,34,60,61,63,71,남,227,241,251,250,130,손견,시상,시상,3,업화,구축,시람,,,,1,오만,,,,
344,손하,패도,71,74,45,53,60,남,170,184,251,204,127,손견,시상,시상,3,화시,구축,강습,,,,1,일심,,,,
345,손호,아도,13,28,31,6,4,남,242,253,251,284,114,손견,시상,시상,1,도발,,,,,,5,사역,징세,저돌,낭비,악명
346,손홍,명리,3,12,44,27,5,남,208,227,0,252,136,,회계,회계,0,,,,,,,3,징세,공명,탐욕,,
347,손화,할거,31,39,67,71,73,남,224,238,251,253,125,손견,시상,시상,3,혼란,구축,시람,,,,1,인맥,,,,
348,손환,패도,81,73,72,68,78,남,197,216,251,228,127,손견,시상,시상,4,화시,연노,철벽,구축,,,3,견수,축성,조달,,
349,손환,왕도,70,63,55,61,62,남,195,209,251,234,126,손견,시상,시상,3,격려,구축,시람,,,,2,동원,교련,,,
350,손휴,명리,57,39,78,75,83,남,235,249,251,264,125,손견,시상,시상,3,충차,투석,시람,,,,3,문화,농정,학자,,
351,손흠,할거,66,69,35,38,35,남,235,249,251,280,117,손견,시상,시상,2,대갈,구축,,,,,2,동요,나약,,,
352,송겸,할거,66,78,42,39,64,남,175,194,0,227,123,,여강,여강,2,견제,교란,,,,,1,호위,,,,
353,송충,예교,29,30,64,53,52,남,154,184,0,235,38,,양양,양양,0,,,,,,,1,학자,,,,
354,송헌,아도,68,77,37,28,33,남,157,184,251,200,147,여포,하비,하비,2,교란,매성,,,,,1,저돌,,,,
355,수고,아도,63,71,38,7,27,남,151,184,251,199,8,정원,진양,진양,2,급습,매성,,,,,2,적도,저돌,,,
356,수원진,할거,53,67,45,31,47,남,155,184,251,200,98,원소,남피,남피,2,분전,저지,,,,,2,운반,동요,,,
357,수윤,패도,51,66,36,49,59,남,249,263,0,279,128,,건안,건안,2,대갈,강습,,,,,1,숲전,,,,
358,수칙,패도,56,62,53,56,50,남,222,241,0,268,128,,건안,건안,2,분전,구축,,,,,1,교련,,,,
359,순상,예교,37,8,69,76,82,남,128,184,251,190,87,하진,낙양,낙양,2,고무,치료,,,,,3,명성,문화,학자,,
360,순심,예교,19,25,78,77,67,남,164,184,251,208,85,한복,업,업,1,혼란,,,,,,2,인맥,논객,,,
361,순우경,아도,74,67,29,28,33,남,146,184,251,200,95,원소,남피,남피,3,분전,대갈,매성,,,,3,운반,저돌,주란,,
362,순욱,왕도,54,14,95,99,94,남,163,184,251,212,22,조조,허창,허창,5,왕좌지재,저지,혼란,고무,투석,,5,독려,왕좌,명성,인맥,안목
363,순욱,명리,8,16,77,72,45,남,225,244,251,289,31,사마의,장안,장안,2,혼란,매성,,,,,5,악주,진흥,문화,인맥,소심
364,순운,왕도,18,12,60,66,62,남,190,206,0,235,22,,허창,허창,0,,,,,,,1,인맥,,,,
365,순유,왕도,73,26,94,88,86,남,157,184,251,214,22,조조,허창,허창,6,천방백계,업화,저지,혼란,도발,정란,5,기략,태연,봉살,지낭,명성
366,순의,명리,16,12,70,74,69,남,207,226,251,281,31,사마의,장안,장안,2,도발,충차,,,,,3,언독,인맥,소심,,
367,순정,명리,57,63,33,20,34,남,166,185,251,196,145,원술,여강,여강,2,분전,대갈,,,,,1,저돌,,,,
368,순찬,명리,16,14,68,55,50,남,209,228,0,237,36,,허창,허창,2,저지,도발,,,,,1,학자,,,,
369,습정,명리,33,29,67,73,69,남,181,209,0,218,70,,양양,양양,2,충차,구축,,,,,2,석병,명성,,,
370,습진,왕도,64,68,51,42,58,남,180,209,0,221,75,,양양,양양,3,격려,경파,구축,,,,1,일심,,,,
371,시삭,왕도,38,65,45,21,50,남,226,245,0,268,129,,건업,건업,1,제사,,,,,,1,절약,,,,
372,시의,왕도,27,11,81,80,74,남,161,184,251,241,132,공융,북해,북해,3,도발,진정,구축,,,,4,법률,능리,소욕,우유,
373,신비,왕도,38,25,79,79,76,남,171,189,251,240,29,한복,업,업,3,저지,치료,진정,,,,3,규율,동지,논객,,
374,신의,할거,55,59,59,56,47,남,190,209,251,252,37,맹달,상용,상용,2,저지,도발,,,,,1,공명,,,,
375,신창,왕도,51,26,42,68,67,남,210,224,251,272,29,한복,업,업,1,제사,,,,,,1,소심,,,,
376,신탐,할거,56,62,52,48,45,남,188,207,251,254,37,맹달,상용,상용,2,제사,매성,,,,,1,공명,,,,
377,신평,할거,69,43,75,75,66,남,165,184,251,204,85,한복,업,업,3,제사,도발,매성,,,,2,언독,소심,,,
378,신헌영,왕도,35,27,84,73,71,여,191,205,251,269,29,한복,업,업,2,고무,치료,,,,,3,재원,명경,소욕,,
379,심배,아도,82,60,83,73,70,남,156,184,251,204,101,원소,남피,남피,4,철벽,경파,매성,투석,,,4,불굴,봉살,견뢰,탐욕,
380,심영,패도,70,77,61,44,66,남,235,253,0,280,126,,건업,건업,4,분전,격려,구축,강습,,,2,독려,동원,,,
381,심영,명리,50,57,45,48,44,남,160,191,251,209,121,원소,남피,남피,1,매성,,,,,,1,소심,,,,
382,아귀,아도,66,73,20,18,48,남,172,191,0,214,80,,한중,한중,2,급습,급습,,,,,2,강저,저돌,,,
383,아단,아도,60,54,69,51,40,남,186,210,0,259,49,,천수,천수,2,격려,매성,,,,,1,강저,,,,
384,아하소과,아도,62,75,12,20,32,남,204,223,0,253,53,,천수,천수,2,분전,교란,,,,,3,강저,저돌,단려,,
385,아회남,할거,65,74,26,33,44,남,190,217,251,225,62,맹획,운남,운남,1,돌격,,,,,,2,남만,단려,,,
386,악진,패도,80,84,53,51,65,남,159,188,251,218,23,조조,허창,허창,4,돌격,경파,교란,충차,,,4,붕벽,일심,강건,소욕,
387,악취,할거,53,66,58,39,50,남,157,184,251,195,138,원술,여강,여강,1,돌격,,,,,,1,교련,,,,
388,악침,패도,72,75,40,42,55,남,196,210,251,257,23,조조,허창,허창,2,돌격,경파,,,,,1,강건,,,,
389,악환,아도,65,82,42,21,40,남,196,220,251,251,63,옹개,건녕,건녕,1,돌격,,,,,,4,숲전,호걸,저돌,직정,
390,안량,아도,86,93,40,32,51,남,160,184,251,200,102,원소,남피,남피,5,질풍노도,분전,대갈,교란,매성,,5,위풍,호걸,과감,저돌,격분
391,양강,할거,61,69,42,22,49,남,160,184,251,199,138,원술,여강,여강,2,분전,철벽,,,,,1,개수,,,,
392,양도,명리,65,31,79,62,63,남,211,225,0,246,131,,신야,신야,3,화시,저지,강습,,,,1,안목,,,,
393,양무,예교,43,26,67,77,70,남,175,194,0,219,29,,진류,진류,2,저지,진정,,,,,2,진흥,위무,,,
394,양민,명리,11,8,48,61,37,남,204,223,0,253,72,,성도,성도,0,,,,,,,1,소심,,,,
395,양밀,예교,45,33,51,53,50,남,137,184,0,199,12,,천수,천수,1,진정,,,,,,1,동지,,,,
396,양백,명리,44,45,19,26,18,남,171,189,251,214,14,장로,한중,한중,1,매성,,,,,,2,소심,나약,,,
397,양봉,아도,67,65,34,20,58,남,153,184,0,197,92,,낙양,낙양,3,분전,견제,저지,,,,3,동원,적도,저돌,,
398,양봉,명리,54,60,52,40,46,남,191,213,251,252,91,맹획,운남,운남,2,저지,도발,,,,,1,남만,,,,
399,양부,왕도,67,50,82,78,77,남,178,197,0,239,21,,천수,천수,5,견제,저지,고무,정란,충차,,4,동지,교화,인맥,소욕,
400,양서,할거,56,62,66,67,59,남,198,217,0,260,72,,천수,천수,1,저지,,,,,,1,소심,,,,
401,양송,명리,2,5,28,34,3,남,167,186,251,215,13,장로,한중,한중,0,,,,,,,3,징세,소심,탐욕,,
402,양수,명리,10,4,83,79,44,남,175,194,251,219,43,원술,여강,여강,1,진정,,,,,,2,지낭,능리,,,
403,양습,예교,71,40,73,87,80,남,168,187,0,230,34,,허창,허창,2,저지,진정,,,,,5,둔전,진흥,안목,친선,소욕
404,양씨,할거,30,24,42,48,62,여,175,192,251,214,70,마등,무위,무위,0,,,,,,,1,경솔,,,,
405,양앙,할거,67,72,38,34,42,남,172,191,251,215,16,장로,양평관,양평관,2,급습,철벽,,,,,2,산전,저돌,,,
406,양의,명리,68,40,82,79,19,남,190,209,0,235,61,,양양,양양,4,도발,매성,진정,정란,,,4,절약,운반,소심,나약,
407,양임,할거,70,78,56,40,54,남,170,189,251,215,17,장로,양평관,양평관,2,화시,철벽,,,,,2,산전,개수,,,
408,양정,명리,62,60,46,33,37,남,149,184,251,198,8,동탁,천수,천수,2,분전,매성,,,,,1,공명,,,,
409,양제,패도,68,68,71,66,66,남,226,245,251,291,32,사마의,장안,장안,3,연노,업화,고무,,,,2,동원,모집,,,
410,양조,패도,53,61,36,32,40,남,202,221,251,256,141,공손도,양평,양평,1,제사,,,,,,3,개수,저돌,동요,,
411,양조,패도,66,65,67,62,55,남,223,242,0,286,33,,진양,진양,2,제사,고무,,,,,1,동요,,,,
412,양추,아도,52,65,42,20,23,남,159,184,251,199,9,정원,진양,진양,1,교란,,,,,,1,소심,,,,
413,양추,아도,67,66,59,63,46,남,172,191,251,238,48,한수,안정,안정,3,돌격,업화,진정,,,,2,교련,친강,,,
414,양표,예교,22,17,69,75,72,남,142,184,251,225,91,원술,여강,여강,2,고무,치료,,,,,3,명성,교화,사관,,
415,양호,왕도,90,64,85,87,91,남,221,240,251,278,31,사마의,장안,장안,6,제사,연노,저지,고무,충차,강습,5,구심,태연,독려,진흥,소욕
416,양홍,할거,23,15,76,60,48,남,152,184,251,199,140,원술,여강,여강,2,업화,매성,,,,,1,조달,,,,
417,양홍,왕도,45,37,68,76,68,남,179,196,0,228,71,,자동,자동,1,업화,,,,,,2,능리,안목,,,
418,양회,아도,64,68,68,63,55,남,167,186,251,212,53,유언,면죽관,면죽관,3,분전,견제,매성,,,,3,산전,교련,직정,,
419,양휘유,예교,20,14,71,65,74,여,214,228,251,278,31,사마의,장안,장안,2,혼란,고무,,,,,2,재원,명경,,,
420,양흔,패도,60,68,61,58,64,남,220,239,251,278,31,등애,신야,신야,3,제사,업화,매성,,,,3,화공,소심,소침,,
421,양흥,패도,61,65,19,21,26,남,169,188,251,211,48,한수,안정,안정,1,급습,,,,,,1,공명,,,,
422,양희,명리,47,26,58,74,50,남,195,214,0,261,70,,성도,성도,1,정란,,,,,,3,법률,능리,사관,,
423,어부라,패도,71,68,22,38,51,남,150,184,0,195,138,,진양,진양,2,급습,화시,,,,,2,흉노,저돌,,,
424,엄강,할거,68,71,40,51,50,남,163,184,251,192,64,공손찬,북평,북평,2,경파,교란,,,,,1,교련,,,,
425,엄백호,아도,67,70,23,21,43,남,142,184,251,196,10,엄백호,오,오,3,분전,대갈,강습,,,,3,친월,저돌,단려,,
426,엄씨,예교,16,20,56,45,62,여,164,184,251,198,145,여포,하비,하비,0,,,,,,,1,응원,,,,
427,엄안,왕도,79,82,69,67,77,남,151,184,251,222,69,유언,성도,성도,4,제사,연노,철벽,교란,,,3,원시,산전,견뢰,,
428,엄여,아도,62,78,48,19,23,남,145,184,251,196,10,엄백호,오,오,2,분전,구축,,,,,3,친월,저돌,경솔,,
429,엄정,아도,50,56,38,36,7,남,151,184,251,189,7,장각,평원,평원,2,분전,대갈,,,,,2,적도,소심,,,
430,엄준,예교,13,2,70,84,73,남,169,188,0,246,121,,오,오,1,투석,,,,,,2,논객,학자,,,
431,여개,왕도,53,30,66,77,72,남,190,214,0,227,71,,운남,운남,2,저지,치료,,,,,2,해독,지리,,,
432,여거,패도,73,62,71,62,64,남,196,210,0,256,123,,여남,여남,4,연노,투석,구축,강습,,,3,숲전,노발,조타,,
433,여건,왕도,57,70,61,72,59,남,173,192,0,247,29,,복양,복양,2,연노,업화,,,,,2,교화,위무,,,
434,여건,패도,60,71,35,30,34,남,182,201,0,231,33,,진양,진양,1,제사,,,,,,1,축성,,,,
435,여공,명리,51,60,48,23,42,남,160,184,251,192,45,유표,양양,양양,2,제사,저지,,,,,1,산전,,,,
436,여광,아도,56,68,13,22,21,남,162,184,251,207,107,원소,남피,남피,1,돌격,,,,,,1,공명,,,,
437,여대,왕도,79,71,69,74,65,남,161,184,0,256,130,,광릉,광릉,5,제사,대갈,충차,강습,시람,,4,수전,숲전,위무,소욕,
438,여령기,아도,69,74,37,18,52,여,182,196,251,198,145,여포,하비,하비,2,돌격,매성,,,,,1,과감,,,,
439,여몽,패도,92,81,89,78,84,남,178,193,251,219,124,손견,시상,시상,6,수문연무,경파,저지,충차,구축,강습,5,수전,일심,담력,축성,잠재
440,여범,명리,73,60,74,74,68,남,169,188,0,228,123,,여남,여남,4,화시,정란,구축,시람,,,5,규율,조달,조타,점술,탐욕
441,여상,아도,55,69,12,19,25,남,164,184,251,207,107,원소,남피,남피,1,돌격,,,,,,1,공명,,,,
442,여예,예교,53,32,63,77,51,남,182,206,0,251,59,,완,완,1,고무,,,,,,4,악주,운반,법률,소욕,
443,여위황,할거,60,63,28,39,41,남,159,188,251,200,105,원소,남피,남피,1,분전,,,,,,2,운반,동요,,,
444,여일,아도,10,19,40,21,3,남,198,217,0,238,115,,건업,건업,0,,,,,,,3,법률,소심,탐욕,,
445,여포,아도,95,100,26,13,36,남,156,184,251,198,145,여포,하비,하비,5,천하무쌍,급습,제사,대갈,매성,,5,비장,단기,저돌,악명,단려
446,염상,예교,29,27,70,74,58,남,158,187,251,199,136,원술,여강,여강,1,투석,,,,,,1,동지,,,,
447,염온,왕도,36,44,55,57,62,남,180,199,0,213,19,,천수,천수,0,,,,,,,1,담력,,,,
448,염우,아도,59,61,55,60,20,남,209,228,0,264,50,,강릉,강릉,2,화시,매성,,,,,1,공명,,,,
449,염유,할거,71,57,70,73,78,남,168,189,251,227,40,유우,계,계,3,돌격,제사,저지,,,,3,모집,친오,친선,,
450,염포,명리,31,25,81,79,70,남,163,187,251,231,18,장로,한중,한중,2,치료,진정,,,,,2,교화,미도,,,
451,염행,패도,73,84,61,58,60,남,159,184,251,222,36,한수,안정,안정,2,급습,교란,,,,,2,호걸,과감,,,
452,영수,패도,67,69,72,41,52,남,234,253,0,264,73,,천수,천수,2,도발,매성,,,,,1,둔전,,,,
453,영호우,아도,24,38,66,50,19,남,194,218,0,249,1,,진양,진양,2,도발,매성,,,,,2,공명,오만,,,
454,오강,명리,48,36,65,65,72,남,216,235,251,275,133,관구검,수춘,수춘,2,저지,구축,,,,,1,개수,,,,
455,오거,할거,49,62,26,51,55,남,151,184,0,211,39,,계,계,2,분전,매성,,,,,1,공명,,,,
456,오경,명리,68,65,54,65,66,남,159,184,251,203,126,손견,시상,시상,2,제사,구축,,,,,2,동원,모집,,,
457,오광,패도,64,75,45,53,61,남,144,184,251,192,65,하진,낙양,낙양,2,철벽,진정,,,,,1,노발,,,,
458,오국태,왕도,30,21,67,74,75,여,161,184,251,216,125,손견,시상,시상,2,대갈,고무,,,,,1,응원,,,,
459,오돈,패도,65,62,49,46,45,남,166,185,251,209,18,도겸,소패,소패,2,급습,매성,,,,,1,산전,,,,
460,오란,패도,67,80,35,36,51,남,170,189,0,218,59,,성도,성도,2,돌격,매성,,,,,3,산전,저돌,직정,,
461,오반,할거,74,71,56,48,67,남,171,190,251,234,72,유언,성도,성도,3,분전,견제,업화,,,,2,독려,교련,,,
462,오범,예교,9,6,69,56,63,남,176,197,0,226,127,,회계,회계,0,,,,,,,1,점술,,,,
463,오부,왕도,42,46,53,55,60,남,149,184,251,190,93,하진,낙양,낙양,2,대갈,저지,,,,,1,법률,,,,
464,오습,패도,53,64,42,28,32,남,152,184,251,198,9,동탁,천수,천수,1,철벽,,,,,,1,저돌,,,,
465,오언,왕도,74,72,77,69,66,남,235,253,0,297,128,,건업,건업,4,화시,철벽,강습,시람,,,4,수전,축성,법률,견뢰,
466,오연,할거,67,73,44,48,62,남,234,253,0,280,126,,강릉,강릉,3,화시,구축,강습,,,,2,소심,소침,,,
467,오의,왕도,82,72,69,70,79,남,165,185,251,237,69,유언,성도,성도,4,제사,연노,격려,저지,,,3,산전,태연,독려,,
468,오질,명리,16,29,64,57,17,남,177,196,0,230,19,,북해,북해,0,,,,,,,3,문화,소심,오만,,
469,오찬,명리,68,41,78,72,67,남,181,206,0,245,126,,시상,시상,4,화시,혼란,투석,구축,,,3,선동,모집,친월,,
470,온회,왕도,62,36,73,86,73,남,178,197,0,222,23,,진양,진양,4,저지,정란,투석,구축,,,3,진흥,능리,부호,,
471,올돌골,아도,74,86,1,3,20,남,186,217,251,225,51,맹획,운남,운남,4,돌격,철벽,대갈,매성,,,5,남만,등갑,강건,저돌,단려
472,옹개,아도,76,75,60,56,62,남,181,200,251,225,52,옹개,건녕,건녕,4,분전,업화,혼란,투석,,,3,숲전,선동,친만,,
473,완적,명리,18,22,69,61,58,남,210,225,0,263,10,,진류,진류,2,혼란,매성,,,,,3,악주,시상,주란,,
474,왕경,예교,65,63,68,75,77,남,206,225,0,260,20,,평원,평원,3,제사,철벽,진정,,,,1,명성,,,,
475,왕관,왕도,59,12,66,78,75,남,177,196,0,263,28,,복양,복양,1,정란,,,,,,4,진흥,법률,친선,소욕,
476,왕광,할거,65,57,61,70,80,남,150,184,251,190,97,하진,낙양,낙양,3,분전,격려,매성,,,,2,운반,위무,,,
477,왕기,왕도,79,75,76,77,75,남,190,219,0,261,30,,북해,북해,5,돌격,경파,업화,저지,충차,,5,붕벽,태연,진흥,농정,학자
478,왕기,할거,69,67,61,70,68,남,217,236,251,281,21,등애,신야,신야,3,급습,매성,강습,,,,1,장구,,,,
479,왕도,명리,47,58,70,51,49,남,210,229,0,269,32,,천수,천수,2,격려,진정,,,,,1,산전,,,,
480,왕돈,예교,60,65,43,61,53,남,198,217,0,256,123,,건업,건업,0,,,,,,,1,조달,,,,
481,왕랑,예교,47,35,79,81,50,남,162,184,251,228,34,왕랑,회계,회계,1,매성,,,,,,5,명성,인맥,학자,소심,격분
482,왕련,왕도,17,9,69,82,66,남,175,201,0,224,59,,완,완,1,치료,,,,,,4,절약,조달,진흥,안목,
483,왕루,예교,28,30,78,77,72,남,173,192,251,211,57,유언,성도,성도,1,치료,,,,,,2,동지,신중,,,
484,왕릉,패도,74,64,71,83,73,남,172,191,0,251,34,,진양,진양,4,제사,화시,경파,교란,,,5,일심,혈로,진흥,모집,경솔
485,왕모,예교,28,16,62,75,71,남,174,198,0,226,64,,성도,성도,0,,,,,,,3,절약,교화,소욕,,
486,왕문,할거,64,63,30,40,42,남,162,186,251,205,63,공손찬,북평,북평,1,돌격,,,,,,2,소심,소침,,,
487,왕방,아도,63,68,28,22,35,남,153,184,251,192,148,동탁,천수,천수,2,철벽,경파,,,,,2,공명,직정,,,
488,왕보,예교,61,40,78,77,73,남,171,190,0,219,76,,성도,성도,4,격려,철벽,투석,구축,,,3,불굴,축성,능리,,
489,왕사,예교,58,43,61,74,81,남,219,238,0,256,79,,성도,성도,2,치료,진정,,,,,2,조달,친강,,,
490,왕사,명리,26,30,63,77,28,남,168,187,0,246,34,,복양,복양,2,업화,매성,,,,,3,조달,농정,격분,,
491,왕상,예교,24,19,68,77,85,남,184,203,0,268,32,,하비,하비,1,진정,,,,,,3,명성,위무,소욕,,
492,왕상,명리,18,21,74,75,73,남,167,186,0,211,54,,성도,성도,4,업화,고무,진정,정란,,,3,명경,진흥,농정,,
493,왕수,예교,53,27,76,78,64,남,168,187,251,218,39,공융,북해,북해,1,고무,,,,,,4,운반,농정,안목,소욕,
494,왕숙,예교,35,21,76,78,74,남,195,209,251,256,34,왕랑,회계,회계,2,업화,혼란,,,,,2,동지,학자,,,
495,왕심,명리,18,14,66,70,40,남,217,236,251,266,30,사마의,장안,장안,1,혼란,,,,,,3,인맥,사관,공명,,
496,왕쌍,아도,66,88,19,22,25,남,195,219,0,228,26,,천수,천수,4,돌격,경파,대갈,매성,,,5,맹자,호걸,강건,저돌,직정
497,왕업,명리,32,6,35,68,50,남,220,239,0,280,33,,무릉,무릉,0,,,,,,,1,소심,,,,
498,왕원희,예교,24,18,80,72,86,여,217,231,251,268,34,왕랑,회계,회계,3,고무,치료,투석,,,,2,재원,침착,,,
499,왕위,패도,60,70,62,50,64,남,163,192,251,208,45,유표,양양,양양,3,저지,구축,강습,,,,1,지리,,,,
500,왕윤,명리,26,6,67,80,77,남,137,184,251,192,92,하진,낙양,낙양,2,저지,혼란,,,,,4,봉살,명성,소심,소침,
501,왕융,명리,57,36,72,55,46,남,234,253,0,305,40,,하비,하비,4,도발,정란,구축,강습,,,3,명성,문화,탐욕,,
502,왕이,왕도,72,51,82,63,72,여,177,196,0,235,21,,천수,천수,3,저지,도발,고무,,,,2,재원,명경,,,
503,왕자복,왕도,54,57,58,52,65,남,160,184,251,200,89,하진,낙양,낙양,2,저지,매성,,,,,1,인맥,,,,
504,왕준,패도,81,73,78,71,76,남,206,225,0,285,32,,낙양,낙양,6,제사,경파,투석,구축,강습,시람,5,붕벽,조달,조타,위무,탐욕
505,왕찬,명리,6,3,79,80,57,남,177,193,0,217,30,,복양,복양,1,고무,,,,,,4,시상,문화,학자,허약,
506,왕창,왕도,74,64,79,80,75,남,188,207,0,259,33,,진양,진양,4,제사,화시,저지,충차,,,5,후위,명성,법률,농정,학자
507,왕충,아도,44,57,21,27,20,남,152,186,0,214,35,,장안,장안,0,,,,,,,3,소심,동요,단려,,
508,왕평,할거,83,79,76,56,50,남,192,216,251,248,69,유비,영안,영안,4,연노,철벽,저지,진정,,,4,산전,담력,규율,독려,
509,왕필,왕도,58,43,57,64,66,남,170,189,0,218,24,,진류,진류,1,고무,,,,,,2,진흥,주란,,,
510,왕항,왕도,72,60,61,62,63,남,184,213,0,254,71,,성도,성도,3,철벽,저지,고무,,,,1,견뢰,,,,
511,왕해,예교,24,20,57,64,46,남,163,187,0,199,133,,복양,복양,1,진정,,,,,,1,논객,,,,
512,왕혼,할거,78,76,72,74,70,남,223,240,0,297,33,,진양,진양,5,분전,견제,투석,구축,강습,,3,소탕,수전,교련,,
513,요립,명리,22,15,69,76,25,남,181,200,0,250,71,,무릉,무릉,2,혼란,매성,,,,,2,소심,오만,,,
514,요주,예교,42,30,66,64,75,남,184,203,0,242,80,,강주,강주,1,정란,,,,,,2,교화,안목,,,
515,요화,왕도,73,76,62,49,65,남,170,184,251,264,74,유비,영안,영안,3,분전,철벽,견제,,,,3,산전,혈로,강건,,
516,우금,패도,84,77,72,57,56,남,159,184,251,221,22,유대,복양,복양,5,돌격,견제,저지,진정,강습,,2,규율,법률,,,
517,우금,아도,72,79,40,38,42,남,173,201,0,240,27,,완,완,3,분전,교란,매성,,,,3,불굴,저돌,경솔,,
518,우독,아도,58,72,44,10,28,남,155,184,0,193,7,,진양,진양,1,급습,,,,,,3,적도,저돌,단려,,
519,우돌,할거,62,68,39,37,33,남,178,197,0,216,7,,건업,건업,2,대갈,교란,,,,,2,산월,저돌,,,
520,우미,아도,71,67,33,38,41,남,160,184,251,194,8,유요,건업,건업,2,화시,교란,,,,,3,개수,공명,직정,,
521,우번,예교,43,47,86,81,43,남,164,184,251,233,122,왕랑,회계,회계,5,도발,매성,치료,투석,구축,,3,점술,의술,학자,,
522,우보,아도,41,60,18,21,37,남,159,184,251,192,1,동탁,천수,천수,1,경파,,,,,,3,소심,경솔,나약,,
523,우사,예교,61,34,74,71,71,남,217,231,251,273,122,왕랑,회계,회계,3,정란,충차,구축,,,,1,명경,,,,
524,우전,왕도,65,76,40,38,68,남,204,223,0,258,126,,오,오,2,돌격,제사,,,,,2,일심,불굴,,,
525,원담,아도,60,69,30,37,59,남,173,187,251,205,86,원소,남피,남피,3,분전,저지,매성,,,,3,동원,공명,직정,,
526,원상,패도,63,72,42,40,73,남,179,193,251,207,101,원소,남피,남피,4,돌격,경파,도발,충차,,,5,붕벽,동원,저돌,경솔,오만
527,원소,왕도,81,69,70,73,92,남,154,184,251,202,101,원소,남피,남피,5,원가위광,경파,치료,정란,충차,,5,독장,사역,명성,우유,오만
528,원술,명리,44,65,68,15,42,남,155,184,251,199,140,원술,여강,여강,5,원가영광,업화,혼란,도발,매성,,5,모략,사역,징세,악명,낭비
529,원요,명리,41,48,41,48,52,남,177,191,251,206,138,원술,여강,여강,2,화시,구축,,,,,2,동원,탐욕,,,
530,원유,예교,57,39,73,76,70,남,150,184,251,193,95,유대,복양,복양,1,제사,,,,,,3,명성,문화,우유,,
531,원윤,명리,24,14,39,41,43,남,163,184,251,199,140,원술,여강,여강,0,,,,,,,3,소심,우유,나약,,
532,원춘경,할거,60,45,43,41,42,남,177,191,251,204,96,원소,남피,남피,1,고무,,,,,,1,동원,,,,
533,원환,예교,30,17,72,83,83,남,165,184,0,219,35,,여남,여남,3,고무,치료,진정,,,,3,태연,교화,소욕,,
534,원희,명리,66,51,68,65,63,남,176,190,251,207,101,원소,남피,남피,3,연노,치료,정란,,,,3,동원,친오,소심,,
535,월길,아도,68,82,16,20,25,남,190,210,0,227,49,,천수,천수,2,급습,대갈,,,,,3,강저,저돌,직정,,
536,위강,예교,64,37,60,72,79,남,168,196,0,212,20,,장안,장안,2,연노,고무,,,,,2,교화,안목,,,
537,위관,명리,69,45,79,86,32,남,220,239,251,291,31,종회,강주,강주,4,연노,진정,정란,투석,,,4,포박,진흥,법률,문화,
538,위막,왕도,57,62,59,54,65,남,221,240,0,268,129,,건업,건업,2,분전,혼란,,,,,1,신중,,,,
539,위소,명리,16,20,65,73,68,남,204,223,0,273,131,,건업,건업,0,,,,,,,2,문화,사관,,,
540,위속,할거,67,78,31,32,40,남,156,184,251,200,147,여포,하비,하비,2,급습,교란,,,,,1,교련,,,,
541,위연,아도,84,92,69,46,39,남,175,194,251,234,80,한현,장사,장사,5,반골인,경파,견제,교란,도발,,5,소탕,호걸,노발,공명,격분
542,위월,아도,66,77,34,20,32,남,165,189,251,198,149,여포,하비,하비,2,돌격,경파,,,,,2,산전,저돌,,,
543,위유,예교,45,28,73,73,68,남,151,184,251,193,96,유우,계,계,3,업화,고무,정란,,,,2,신중,교화,,,
544,위자,예교,58,38,62,73,71,남,150,184,0,190,25,,진류,진류,2,고무,치료,,,,,3,명성,모집,부호,,
545,위진,예교,33,26,81,72,68,남,176,195,0,250,21,,진류,진류,2,고무,진정,,,,,2,절약,독려,,,
546,위풍,명리,52,23,71,69,75,남,182,201,0,219,37,,소패,소패,3,혼란,도발,투석,,,,4,선동,명성,인맥,오만,
547,유괴,할거,73,72,66,44,63,남,165,189,251,214,55,유언,성도,성도,3,연노,철벽,매성,,,,2,산전,견뢰,,,
548,유기,예교,51,10,62,71,73,남,174,188,251,209,76,유표,양양,양양,2,연노,시람,,,,,3,개수,소욕,허약,,
549,유기,왕도,33,35,60,69,79,남,184,197,251,232,134,유요,건업,건업,1,구축,,,,,,3,명성,교화,소욕,,
550,유대,명리,53,65,34,54,42,남,147,184,251,202,36,유대,복양,복양,1,화시,,,,,,3,공명,낭비,나약,,
551,유도,명리,25,23,26,49,52,남,168,187,251,214,134,유도,영릉,영릉,0,,,,,,,3,소심,동요,우유,,
552,유략,패도,71,66,59,47,52,남,212,226,0,279,129,,회계,회계,3,제사,철벽,강습,,,,1,축성,,,,
553,유리,왕도,24,21,53,51,63,남,211,225,251,244,75,유비,영안,영안,0,,,,,,,1,허약,,,,
554,유모,명리,51,40,47,44,42,남,159,184,251,210,55,유언,성도,성도,0,,,,,,,1,허약,,,,
555,유민,왕도,69,70,67,51,56,남,196,215,0,255,69,,영릉,영릉,3,연노,견제,도발,,,,2,산전,법률,,,
556,유반,패도,68,78,47,43,53,남,168,188,251,210,45,유표,양양,양양,3,교란,구축,강습,,,,2,조타,교련,,,
557,유방,명리,20,15,80,73,50,남,176,195,0,250,19,,계,계,3,업화,도발,매성,,,,3,언독,문화,능리,,
558,유벽,할거,70,72,51,34,56,남,145,184,251,201,74,장각,평원,평원,3,돌격,업화,도발,,,,2,숲전,적도,,,
559,유복,왕도,64,49,73,87,84,남,164,184,0,208,29,,소패,소패,3,견제,고무,치료,,,,5,둔전,진흥,교화,위무,개수
560,유봉,패도,75,79,44,50,76,남,188,206,251,220,75,유비,영안,영안,4,돌격,교란,투석,구축,,,3,앙양,과감,모집,,
561,유비,왕도,76,73,74,78,99,남,161,184,251,223,75,유비,영안,영안,4,대기대덕,제사,화시,격려,,,5,탈토,영명,강운,구심,재기
562,유선,명리,8,21,36,51,55,남,224,238,251,264,78,유비,영안,영안,0,,,,,,,3,소심,우유,나약,,
563,유선,할거,37,18,66,75,65,남,160,184,0,227,40,,영릉,영릉,2,도발,진정,,,,,1,교화,,,,
564,유선,할거,3,5,9,4,68,남,207,221,251,271,78,유비,영안,영안,0,,,,,,,3,강운,소침,우유,,
565,유섭,아도,62,79,24,23,30,남,158,184,251,190,139,원술,여강,여강,2,분전,대갈,,,,,2,호걸,공명,,,
566,유소,왕도,68,52,73,79,68,남,195,212,0,264,28,,업,업,4,연노,업화,매성,투석,,,4,시상,법률,교화,학자,
567,유순,할거,68,54,45,50,62,남,184,198,251,239,55,유언,성도,성도,2,분전,철벽,,,,,2,교련,견뢰,,,
568,유승,패도,45,66,30,33,54,남,215,234,0,258,128,,오,오,1,급습,,,,,,1,경솔,,,,
569,유심,왕도,60,62,67,70,80,남,238,252,251,263,75,유비,영안,영안,2,대갈,저지,,,,,1,노발,,,,
570,유씨,아도,18,17,67,59,68,여,164,184,251,205,101,원소,남피,남피,1,도발,,,,,,1,오만,,,,
571,유언,명리,54,38,79,81,86,남,132,184,251,194,55,유언,성도,성도,5,업화,도발,저지,진정,충차,,5,사역,봉살,동원,모집,오만
572,유연,할거,67,63,45,40,51,남,166,190,0,221,27,,진류,진류,3,제사,철벽,구축,,,,2,개수,소심,,,
573,유엽,패도,40,32,92,73,69,남,176,193,0,235,27,,수춘,수춘,4,업화,정란,충차,투석,,,3,발명,명경,지낭,,
574,유영,왕도,36,25,49,55,65,남,210,224,251,269,75,유비,영안,영안,1,고무,,,,,,1,절약,,,,
575,유요,명리,65,66,47,72,64,남,156,184,251,197,11,유요,건업,건업,3,견제,매성,시람,,,,2,인맥,동요,,,
576,유우,예교,55,33,69,76,92,남,145,184,251,193,96,유우,계,계,3,고무,치료,정란,,,,4,조달,명성,진흥,친오,
577,유은,패도,77,74,68,43,64,남,189,208,0,268,73,,성도,성도,3,철벽,교란,저지,,,,2,산전,견뢰,,,
578,유의,할거,62,55,21,48,45,남,160,184,251,205,142,공손도,양평,양평,2,돌격,구축,,,,,1,조타,,,,
579,유장,예교,18,5,9,38,70,남,162,184,251,219,55,유언,성도,성도,0,,,,,,,2,우유,나약,,,
580,유정,예교,60,35,64,81,74,남,189,208,0,254,29,,소패,소패,1,철벽,,,,,,5,조달,진흥,농정,교화,개수
581,유종,예교,22,22,64,65,70,남,195,207,251,208,45,유표,양양,양양,1,시람,,,,,,2,소심,우유,,,
582,유주,아도,64,73,38,28,40,남,189,208,0,233,35,,운남,운남,1,대갈,,,,,,2,남만,저돌,,,
583,유찬,패도,75,77,65,56,66,남,183,202,0,255,129,,회계,회계,3,분전,대갈,강습,,,,4,악주,노발,조타,공명,
584,유초,할거,61,36,53,62,70,남,180,199,0,251,26,,장안,장안,2,철벽,고무,,,,,3,악주,교화,낭비,,
585,유파,명리,13,22,74,81,57,남,186,205,0,222,56,,영릉,영릉,2,혼란,매성,,,,,4,조달,법률,능리,소욕,
586,유평,패도,70,70,68,57,62,남,218,232,0,272,129,,회계,회계,3,견제,충차,구축,,,,1,개수,,,,
587,유표,예교,48,31,71,83,85,남,142,184,251,208,45,유표,양양,양양,2,진정,구축,,,,,4,명성,진흥,교화,우유,
588,유표,할거,63,60,51,62,64,남,181,195,0,279,17,,진양,진양,2,돌격,고무,,,,,2,흉노,강건,,,
589,유현,명리,54,66,51,42,52,남,188,202,251,252,134,유도,영릉,영릉,2,돌격,도발,,,,,2,모집,소침,,,
590,유화,예교,21,16,59,68,74,남,165,184,251,193,96,유우,계,계,1,고무,,,,,,2,모집,인맥,,,
591,유훈,아도,50,63,35,16,32,남,163,184,251,216,138,원술,여강,여강,3,견제,업화,구축,,,,3,저돌,낭비,오만,,
592,육개,왕도,65,61,78,85,73,남,198,217,0,269,122,,오,오,4,업화,투석,구축,시람,,,4,숲전,동지,능리,친월,
593,육모,예교,11,12,71,68,78,남,188,207,0,239,119,,오,오,1,진정,,,,,,2,교화,소욕,,,
594,육손,왕도,96,69,95,88,91,남,183,202,251,245,122,손견,시상,시상,6,극염,화시,혼란,진정,강습,시람,5,신기,수전,화공,침착,주석
595,육울생,예교,22,33,61,50,67,여,212,224,0,266,121,,오,오,1,진정,,,,,,1,소욕,,,,
596,육윤,예교,72,60,73,66,70,남,201,220,0,271,122,,오,오,4,견제,업화,혼란,구축,,,2,숲전,위무,,,
597,육적,왕도,15,7,65,72,43,남,187,206,0,219,121,,오,오,2,충차,구축,,,,,2,명성,학자,,,
598,육항,왕도,91,63,87,85,87,남,226,240,251,274,122,손견,시상,시상,6,연노,격려,경파,정란,구축,시람,5,독장,수전,일심,봉살,개수
599,윤대목,명리,4,9,34,50,48,남,211,230,251,270,38,관구검,수춘,수춘,0,,,,,,,1,동지,,,,
600,윤례,아도,61,68,47,44,43,남,165,184,251,222,16,도겸,소패,소패,2,분전,교란,,,,,1,산전,,,,
601,윤묵,예교,11,15,65,76,62,남,183,212,0,239,80,,자동,자동,2,정란,투석,,,,,2,석병,학자,,,
602,윤상,왕도,51,46,60,66,53,남,194,213,0,260,72,,천수,천수,2,화시,매성,,,,,1,법률,,,,
603,윤직,할거,46,42,72,64,58,남,197,216,251,237,136,공손도,양평,양평,2,혼란,고무,,,,,1,동지,,,,
604,윤해,할거,54,56,42,44,43,남,161,190,251,204,107,원소,남피,남피,1,철벽,,,,,,1,직정,,,,
605,은관,명리,24,25,63,69,58,남,166,195,0,218,81,,강릉,강릉,1,도발,,,,,,1,능리,,,,
606,은례,명리,25,14,72,63,64,남,199,217,0,256,115,,오,오,2,혼란,도발,,,,,1,점술,,,,
607,은번,명리,13,18,67,67,69,남,195,224,0,233,16,,북해,북해,2,혼란,충차,,,,,2,선동,법률,,,
608,은서,할거,70,68,37,41,42,남,177,196,0,223,37,,장안,장안,2,돌격,대갈,,,,,2,위무,저돌,,,
609,음기,명리,22,27,64,75,65,남,152,184,251,206,120,원소,남피,남피,1,업화,,,,,,1,논객,,,,
610,응소,명리,68,46,73,67,70,남,150,184,251,204,95,유대,복양,복양,3,제사,업화,고무,,,,3,문화,위무,학자,,
611,이각,아도,69,72,23,1,16,남,148,184,251,198,1,동탁,천수,천수,3,돌격,화시,매성,,,,4,징세,악명,낭비,단려,
612,이감,패도,58,68,33,36,45,남,176,195,251,211,48,한수,안정,안정,2,저지,매성,,,,,1,공명,,,,
613,이몽,아도,67,66,33,16,34,남,151,184,251,192,148,동탁,천수,천수,2,분전,대갈,,,,,2,저돌,경솔,,,
614,이밀,예교,14,6,65,71,58,남,224,238,0,287,50,,성도,성도,1,고무,,,,,,2,문화,능리,,,
615,이보,명리,61,64,52,35,36,남,198,219,251,265,20,맹달,상용,상용,2,혼란,도발,,,,,1,공명,,,,
616,이복,예교,64,41,62,68,65,남,177,194,0,238,65,,자동,자동,1,고무,,,,,,2,조달,능리,,,
617,이봉,명리,58,65,38,49,54,남,157,191,251,195,112,여포,하비,하비,1,경파,,,,,,1,단려,,,,
618,이부,예교,31,36,74,71,67,남,162,184,251,210,106,원소,남피,남피,2,저지,치료,,,,,2,절약,능리,,,
619,이소,예교,44,28,68,64,71,남,188,207,0,225,79,,성도,성도,0,,,,,,,2,명성,능리,,,
620,이숙,명리,47,67,60,30,28,남,156,184,0,192,146,,진양,진양,2,연노,도발,,,,,2,공명,나약,,,
621,이승,명리,13,22,29,69,55,남,201,220,0,249,19,,완,완,1,투석,,,,,,2,소심,우유,,,
622,이씨,예교,15,12,66,70,71,여,223,240,0,264,75,,자동,자동,1,매성,,,,,,1,노발,,,,
623,이악,아도,57,70,36,13,17,남,160,184,251,196,8,장각,평원,평원,2,화시,견제,,,,,3,적도,공명,탐욕,,
624,이엄,패도,83,84,76,74,52,남,168,187,251,234,71,맹달,상용,상용,5,화시,연노,철벽,매성,정란,,5,견수,축성,운반,법률,오만
625,이유,명리,61,26,93,75,35,남,150,184,251,192,1,동탁,천수,천수,4,짐독,업화,매성,정란,,,5,선동,징세,책사,지낭,악명
626,이이,아도,59,77,20,18,21,남,187,206,0,222,132,,무릉,무릉,2,대갈,구축,,,,,2,숲전,저돌,,,
627,이적,예교,29,23,77,86,85,남,162,189,251,226,77,유비,영안,영안,2,진정,구축,,,,,3,법률,안목,논객,,
628,이전,할거,77,77,79,74,62,남,174,189,251,216,22,조조,허창,허창,5,제사,연노,진정,충차,투석,,4,발명,명경,신중,운반,
629,이조,예교,51,37,57,69,75,남,185,204,0,222,79,,성도,성도,1,정란,,,,,,2,명성,문화,,,
630,이통,패도,73,81,57,63,65,남,168,187,0,211,22,,여남,여남,3,급습,경파,구축,,,,4,소탕,징세,동원,저돌,
631,이풍,왕도,55,48,67,72,66,남,202,216,251,260,71,맹달,상용,상용,2,화시,고무,,,,,2,운반,모집,,,
632,이풍,왕도,24,33,66,71,63,남,204,223,251,254,20,관구검,수춘,수춘,2,혼란,매성,,,,,2,안목,소욕,,,
633,이풍,패도,69,74,50,22,53,남,158,184,251,199,138,원술,여강,여강,2,분전,경파,,,,,1,조달,,,,
634,이형,명리,30,24,63,70,52,남,204,223,0,263,136,,양양,양양,1,매성,,,,,,1,법률,,,,
635,이회,왕도,78,65,78,77,74,남,175,194,0,231,66,,건녕,건녕,4,화시,연노,경파,투석,,,4,붕벽,숲전,태연,조달,
636,이흠,패도,62,75,45,44,54,남,215,234,0,250,73,,자동,자동,2,철벽,교란,,,,,2,산전,축성,,,
637,임준,예교,67,60,62,71,58,남,165,189,0,204,22,,낙양,낙양,3,철벽,치료,정란,,,,2,둔전,운반,,,
638,잠위,할거,55,56,45,36,43,남,196,215,0,235,27,,완,완,1,충차,,,,,,1,운반,,,,
639,잠혼,명리,1,1,33,9,2,남,239,253,0,280,114,,건업,건업,0,,,,,,,2,징세,탐욕,,,
640,장각,아도,89,25,86,80,98,남,140,184,251,184,7,장각,평원,평원,6,태평요술,화시,업화,고무,진정,투석,5,황천,환술,영명,명경,의술
641,장간,명리,9,7,65,64,47,남,175,194,0,239,34,,시상,시상,1,혼란,,,,,,2,소심,경솔,,,
642,장개,아도,35,66,8,1,10,남,155,184,251,202,7,도겸,소패,소패,1,돌격,,,,,,3,적도,공명,탐욕,,
643,장거,아도,63,62,41,25,50,남,150,184,0,188,84,,계,계,2,업화,매성,,,,,2,소심,나약,,,
644,장굉,예교,24,22,86,95,84,남,153,194,0,212,122,,광릉,광릉,4,치료,정란,구축,시람,,,5,축성,명성,문화,인맥,논객
645,장구,패도,69,72,44,30,45,남,201,220,0,263,29,,수춘,수춘,2,화시,구축,,,,,1,저돌,,,,
646,장기,할거,74,35,75,88,85,남,170,189,0,223,21,,장안,장안,4,견제,업화,정란,충차,,,4,조달,교화,개수,친강,
647,장남,패도,57,70,46,34,33,남,168,187,251,208,39,원소,남피,남피,2,화시,매성,,,,,1,저돌,,,,
648,장남,할거,70,68,37,43,56,남,187,209,0,222,74,,무릉,무릉,2,제사,견제,,,,,1,소침,,,,
649,장달,명리,43,56,31,20,21,남,185,209,0,222,100,,영안,영안,0,,,,,,,1,소심,,,,
650,장로,할거,51,26,73,78,89,남,163,184,251,216,15,장로,한중,한중,3,격려,고무,치료,,,,5,절약,의술,농정,미도,소욕
651,장료,패도,95,92,78,58,77,남,169,188,251,222,23,여포,하비,하비,5,료래료래,돌격,견제,저지,도발,,5,위풍,호걸,담력,장구,과감
652,장막,명리,53,52,70,73,82,남,155,184,251,195,100,여포,하비,하비,3,견제,혼란,투석,,,,4,명성,소심,동요,우유,
653,장만성,아도,74,81,47,39,57,남,143,184,251,184,7,장각,평원,평원,3,제사,경파,철벽,,,,2,일심,사역,,,
654,장반,패도,65,73,62,41,50,남,227,246,251,282,135,관구검,수춘,수춘,2,제사,강습,,,,,1,신중,,,,
655,장범,예교,10,7,64,72,78,남,153,184,0,212,22,,낙양,낙양,1,치료,,,,,,2,교화,소욕,,,
656,장보,아도,83,71,81,66,86,남,148,184,251,184,7,장각,평원,평원,5,업화,혼란,고무,치료,정란,,5,환술,의술,견수,사역,선동
657,장비,아도,86,98,33,22,44,남,167,184,251,221,75,유비,영안,영안,5,만인적,돌격,대갈,도발,매성,,5,투장,단기,잠재,저돌,주란
658,장빈,왕도,30,23,64,73,71,남,216,230,251,263,78,종회,강주,강주,1,제사,,,,,,2,개수,소침,,,
659,장서,명리,55,76,35,29,25,남,225,244,0,290,62,,자동,자동,1,견제,,,,,,2,소심,나약,,,
660,장선,아도,56,67,38,21,30,남,175,194,251,197,148,장수,완,완,0,,,,,,,1,저돌,,,,
661,장선,할거,70,45,55,66,58,남,159,188,0,202,33,,신야,신야,4,연노,철벽,업화,강습,,,2,모집,개수,,,
662,장소,예교,33,3,84,97,81,남,156,194,0,236,120,,하비,하비,2,혼란,매성,,,,,5,동지,지낭,명성,교화,인맥
663,장소,할거,23,32,31,59,46,남,202,216,251,264,78,유비,영안,영안,0,,,,,,,1,소심,,,,
664,장송,명리,15,6,88,82,19,남,170,189,251,212,72,맹달,상용,상용,3,혼란,도발,매성,,,,4,언독,책사,공명,오만,
665,장수,할거,80,73,62,45,60,남,154,184,251,207,148,장수,완,완,4,돌격,교란,업화,매성,,,3,장구,교련,개수,,
666,장숙,명리,13,26,58,64,68,남,165,184,251,213,55,유언,성도,성도,0,,,,,,,1,소침,,,,
667,장순,아도,71,77,56,43,35,남,152,184,0,188,80,,계,계,2,제사,매성,,,,,4,친오,친선,공명,격분,
668,장승,왕도,75,69,75,70,72,남,178,197,0,244,124,,하비,하비,4,제사,도발,업화,구축,,,2,산전,안목,,,
669,장승,예교,23,18,73,70,67,남,156,184,0,215,22,,낙양,낙양,2,저지,충차,,,,,1,교화,,,,
670,장씨,왕도,18,60,40,53,66,여,207,221,251,237,75,유비,영안,영안,1,고무,,,,,,1,응원,,,,
671,장양,할거,72,70,67,58,70,남,151,184,251,195,145,정원,진양,진양,3,돌격,격려,교란,,,,2,조달,모집,,,
672,장양,패도,78,80,70,53,82,남,153,184,251,184,7,장각,평원,평원,4,분전,업화,매성,치료,,,3,환술,사역,의술,,
673,장억,왕도,79,72,75,77,75,남,190,209,0,254,68,,성도,성도,4,분전,화시,진정,투석,,,5,숲전,후위,모집,개수,친만
674,장연,아도,80,81,54,48,62,남,153,184,0,210,8,,진양,진양,4,급습,견제,교란,매성,,,5,산전,지리,질주,적도,소침
675,장염,할거,51,39,30,41,42,남,173,192,0,206,97,,진양,진양,0,,,,,,,1,경솔,,,,
676,장영,할거,75,72,40,35,51,남,154,184,251,195,11,유요,건업,건업,3,철벽,견제,매성,,,,3,견뢰,경솔,직정,,
677,장예,예교,66,43,67,76,68,남,166,194,0,230,82,,성도,성도,3,매성,충차,구축,,,,3,발명,농정,능리,,
678,장온,명리,17,10,69,77,74,남,193,210,0,231,118,,오,오,2,매성,정란,,,,,2,명성,논객,,,
679,장완,왕도,78,34,84,93,81,남,188,207,0,246,78,,영릉,영릉,6,연노,고무,치료,정란,투석,구축,5,절약,태연,명경,조타,진흥
680,장위,패도,74,68,48,44,66,남,172,191,251,215,15,장로,한중,한중,3,화시,격려,매성,,,,3,산전,교련,미도,,
681,장윤,패도,73,68,42,56,49,남,163,187,251,208,36,유표,양양,양양,3,분전,강습,시람,,,,3,수전,소심,동요,,
682,장의,할거,43,62,30,21,38,남,167,186,251,208,93,원소,남피,남피,1,화시,,,,,,1,공명,,,,
683,장의거,할거,71,58,59,50,57,남,159,184,251,205,104,원소,남피,남피,3,격려,치료,진정,,,,1,모집,,,,
684,장익,할거,75,74,72,72,70,남,188,207,0,264,68,,성도,성도,4,연노,철벽,경파,저지,,,4,숲전,조달,법률,친만,
685,장임,할거,85,84,76,59,76,남,169,188,251,214,56,유언,성도,성도,5,천변필살,제사,연노,교란,도발,,5,강장,지리,산전,숲전,불굴
686,장저,패도,51,58,35,31,36,남,170,193,0,232,72,,자동,자동,1,제사,,,,,,1,동요,,,,
687,장제,예교,50,43,85,77,55,남,188,207,251,249,32,사마의,장안,장안,4,화시,연노,진정,투석,,,5,명경,지낭,문화,안목,주란
688,장제,패도,70,66,55,53,60,남,144,184,251,196,148,장수,무관,무관,2,돌격,견제,,,,,2,저돌,동요,,,
689,장제,왕도,68,43,80,78,83,남,236,253,0,280,126,,양양,양양,5,연노,철벽,업화,구축,시람,,2,불굴,담력,,,
690,장준,패도,63,68,66,60,58,남,224,238,251,263,75,유비,영안,영안,2,분전,격려,,,,,1,노발,,,,
691,장집,명리,38,27,69,74,51,남,196,215,251,254,20,관구검,수춘,수춘,2,혼란,도발,,,,,2,능리,탐욕,,,
692,장창포,예교,16,20,72,55,61,여,199,213,251,257,20,종회,강주,강주,2,격려,진정,,,,,1,재원,,,,
693,장천,명리,48,46,43,35,41,남,182,201,251,219,13,장수,완,완,0,,,,,,,1,나약,,,,
694,장초,패도,65,56,62,51,69,남,160,184,251,195,100,여포,하비,하비,3,화시,혼란,도발,,,,2,개수,소침,,,
695,장춘화,패도,40,28,79,69,62,여,189,203,251,247,31,사마의,장안,장안,3,저지,매성,정란,,,,2,재원,봉살,,,
696,장특,왕도,71,53,74,67,69,남,209,228,0,265,39,,계,계,3,격려,철벽,저지,,,,2,봉살,개수,,,
697,장패,패도,76,75,53,56,70,남,165,184,251,231,17,도겸,소패,소패,4,분전,대갈,교란,도발,,,3,산전,숲전,위무,,
698,장포,명리,31,24,70,67,40,남,225,244,0,264,113,,오,오,2,업화,매성,,,,,2,소심,오만,,,
699,장포,아도,75,87,48,46,67,남,198,212,251,229,75,유비,영안,영안,4,호익용전,돌격,대갈,도발,,,4,소탕,호걸,노발,저돌,
700,장합,패도,89,89,69,57,72,남,167,184,251,231,27,한복,업,업,5,백전연마,분전,화시,교란,저지,,5,용장,앙양,불굴,재기,직정
701,장현,예교,8,16,60,64,46,남,222,236,0,265,78,,영릉,영릉,0,,,,,,,1,소심,,,,
702,장호,패도,74,73,44,34,59,남,195,209,251,240,23,여포,하비,하비,2,돌격,교란,,,,,1,불굴,,,,
703,장홍,왕도,68,49,73,76,80,남,161,184,0,196,98,,광릉,광릉,3,견제,고무,정란,,,,3,불굴,교화,위무,,
704,장화,왕도,43,27,83,88,66,남,232,251,251,300,31,사마의,장안,장안,4,혼란,고무,충차,투석,,,4,시상,명성,문화,안목,
705,장횡,할거,59,70,23,24,49,남,178,197,251,211,48,한수,안정,안정,2,분전,대갈,,,,,2,저돌,직정,,,
706,장훈,아도,72,67,41,40,62,남,156,184,251,206,141,원술,여강,여강,3,경파,업화,구축,,,,1,불굴,,,,
707,장휴,예교,54,27,74,77,73,남,205,221,0,245,120,,하비,하비,3,혼란,고무,정란,,,,2,문화,인맥,,,
708,장흠,아도,78,84,53,42,75,남,168,187,251,219,126,손견,시상,시상,4,제사,화시,구축,강습,,,4,수전,잠재,소욕,저돌,
709,저곡,할거,55,52,66,66,69,남,184,198,251,204,96,한복,업,업,2,철벽,매성,,,,,1,교화,,,,
710,저수,왕도,79,35,90,89,76,남,156,184,251,201,96,한복,업,업,4,제사,고무,진정,충차,,,4,독려,동지,신중,지낭,
711,전기,왕도,50,68,60,70,63,남,231,245,0,258,128,,오,오,2,저지,구축,,,,,1,소침,,,,
712,전단,할거,66,64,38,38,58,남,204,218,0,261,130,,오,오,3,경파,구축,시람,,,,1,부호,,,,
713,전만,패도,50,67,38,25,48,남,181,195,251,235,23,조조,허창,허창,1,대갈,,,,,,1,교련,,,,
714,전상,명리,2,4,12,40,57,남,208,227,0,258,128,,오,오,0,,,,,,,2,소심,단려,,,
715,전속,명리,47,60,55,15,27,남,218,237,251,272,42,종회,강주,강주,1,저지,,,,,,1,소심,,,,
716,전역,할거,60,63,38,44,54,남,212,226,0,265,130,,오,오,3,견제,구축,강습,,,,2,부호,소심,,,
717,전예,왕도,80,72,80,78,75,남,171,189,251,252,31,공손찬,북평,북평,4,돌격,제사,저지,혼란,,,5,명경,봉살,친오,친선,소욕
718,전위,패도,57,95,35,29,58,남,160,184,251,197,25,조조,허창,허창,4,인왕서기,철벽,대갈,교란,,,5,맹자,호걸,후위,호위,주란
719,전유,할거,43,40,55,67,58,남,168,187,0,217,123,,오,오,3,견제,업화,강습,,,,2,동원,부호,,,
720,전의,명리,61,68,45,33,56,남,230,244,0,274,130,,오,오,3,매성,구축,강습,,,,2,소심,동요,,,
721,전종,패도,78,72,73,61,70,남,183,202,251,249,128,손견,시상,시상,5,화시,경파,투석,구축,시람,,5,신중,동원,명성,위무,부호
722,전주,왕도,66,66,72,74,74,남,169,188,251,214,42,유우,계,계,3,제사,혼란,고무,,,,5,진흥,교화,친오,친선,소욕
723,전풍,왕도,72,29,93,87,68,남,162,184,251,200,96,원소,남피,남피,5,격려,업화,진정,치료,충차,,4,동지,신중,책사,능리,
724,전해,할거,68,65,57,60,63,남,154,184,251,199,64,공손찬,북평,북평,2,돌격,견제,,,,,2,모집,낭비,,,
725,정고,예교,62,33,70,76,67,남,198,217,0,273,130,,회계,회계,2,교란,강습,,,,,2,능리,위무,,,
726,정기,왕도,68,60,75,71,72,남,158,187,0,222,62,,자동,자동,3,저지,진정,투석,,,,2,후위,동지,,,
727,정도,명리,24,28,74,50,21,남,168,192,0,215,50,,성도,성도,2,업화,저지,,,,,1,봉살,,,,
728,정무,패도,54,35,75,71,49,남,201,215,251,265,24,조조,허창,허창,2,도발,매성,,,,,1,언독,,,,
729,정병,예교,16,14,68,72,65,남,172,191,0,226,119,,북해,북해,1,투석,,,,,,2,학자,소심,,,
730,정보,왕도,85,79,79,74,86,남,151,184,251,216,126,손견,시상,시상,6,총명강의,분전,격려,진정,충차,시람,5,수전,구심,태연,주석,명성
731,정봉,왕도,81,80,71,55,56,남,190,207,0,271,123,,여강,여강,5,급습,화시,교란,강습,시람,,5,원시,지리,조타,개수,강건
732,정봉,할거,66,66,53,39,61,남,198,217,0,266,123,,여강,여강,3,분전,구축,강습,,,,1,조타,,,,
733,정비,명리,52,40,57,45,35,남,167,189,0,219,25,,허창,허창,2,혼란,도발,,,,,2,농정,탐욕,,,
734,정욱,명리,70,49,90,79,56,남,141,184,251,220,24,조조,허창,허창,4,혼란,도발,매성,충차,,,5,모략,절약,선동,책사,개수
735,정원,왕도,71,76,37,42,74,남,137,184,251,189,88,정원,진양,진양,3,돌격,경파,대갈,,,,2,과감,교련,,,
736,정원지,아도,69,74,18,25,29,남,145,184,251,184,7,장각,평원,평원,2,분전,교란,,,,,1,저돌,,,,
737,정은,아도,69,73,40,35,50,남,169,184,251,211,69,한수,안정,안정,2,경파,매성,,,,,2,과감,직정,,,
738,정의,명리,15,3,64,70,40,남,184,203,0,220,22,,소패,소패,0,,,,,,,2,문화,주란,,,
739,정자,왕도,53,52,50,47,55,남,182,201,251,226,126,손견,시상,시상,2,경파,구축,,,,,1,조타,,,,
740,정주,예교,58,44,52,61,57,남,201,220,0,267,130,,소패,소패,2,경파,강습,,,,,1,위무,,,,
741,정천,할거,20,27,61,68,72,남,185,204,0,230,111,,허창,허창,1,도발,,,,,,2,논객,주란,,,
742,정태,왕도,50,31,80,74,71,남,154,184,251,194,22,하진,낙양,낙양,2,저지,혼란,,,,,2,동지,책사,,,
743,정혼,왕도,68,32,67,87,82,남,159,184,0,223,95,,낙양,낙양,3,견제,저지,치료,,,,4,축성,진흥,법률,농정,
744,제갈각,아도,72,47,90,80,64,남,203,217,251,253,121,손견,시상,시상,6,기지기책,연노,업화,혼란,매성,시람,5,묘산,사역,선동,지낭,오만
745,제갈교,예교,58,23,75,68,77,남,204,218,251,228,81,유비,영안,영안,2,연노,투석,,,,,3,석병,조달,허약,,
746,제갈균,예교,29,25,51,65,67,남,185,208,251,252,76,유비,영안,영안,1,정란,,,,,,1,석병,,,,
747,제갈근,할거,75,34,81,89,90,남,174,195,251,241,121,손견,시상,시상,5,연노,치료,진정,구축,시람,,5,절약,신중,논객,인맥,소욕
748,제갈량,왕도,93,38,100,96,93,남,181,208,251,234,75,유비,영안,영안,6,신산귀모,연노,업화,치료,정란,투석,5,복룡,석병,발명,왕좌,안목
749,제갈상,왕도,64,75,62,55,69,남,246,253,251,263,75,유비,영안,영안,3,연노,철벽,업화,,,,2,석병,노발,,,
750,제갈서,할거,41,40,27,46,49,남,218,237,251,286,40,종회,강주,강주,1,매성,,,,,,1,우유,,,,
751,제갈융,명리,59,52,55,63,69,남,207,221,251,253,121,손견,시상,시상,1,고무,,,,,,3,교련,낭비,주란,,
752,제갈정,패도,58,63,66,65,67,남,241,253,251,300,135,관구검,수춘,수춘,3,제사,업화,강습,,,,2,일심,문화,,,
753,제갈첨,왕도,69,57,72,68,69,남,227,241,251,263,75,유비,영안,영안,3,연노,혼란,정란,,,,3,석병,문화,우유,,
754,제갈탄,패도,78,71,73,75,82,남,206,225,251,258,135,관구검,수춘,수춘,5,분전,격려,철벽,견제,구축,,4,견수,일심,동원,동요,
755,조광,할거,65,68,53,51,60,남,210,224,251,263,75,유비,영안,영안,2,견제,고무,,,,,1,둔전,,,,
756,조달,예교,19,12,66,51,59,남,171,200,0,230,127,,낙양,낙양,0,,,,,,,1,점술,,,,
757,조루,예교,67,43,68,74,71,남,183,202,0,219,74,,강릉,강릉,3,제사,고무,투석,,,,2,절약,조달,,,
758,조림,아도,44,51,28,15,6,남,207,221,251,250,25,조조,허창,허창,1,대갈,,,,,,2,격분,악명,,,
759,조모,패도,54,61,59,75,76,남,241,253,251,260,24,조조,허창,허창,3,대갈,업화,고무,,,,2,문화,격분,,,
760,조무,할거,70,71,62,53,63,남,155,184,251,190,127,손견,시상,시상,2,저지,도발,,,,,1,혈로,,,,
761,조방,왕도,5,8,28,48,71,남,232,239,251,274,26,조조,허창,허창,1,고무,,,,,,1,소침,,,,
762,조범,명리,28,21,32,58,56,남,168,187,251,218,83,조범,계양,계양,0,,,,,,,2,소심,나약,,,
763,조비,패도,70,71,83,86,84,남,187,200,251,226,26,조조,허창,허창,4,제사,연노,견제,도발,,,5,사역,언독,문화,악명,오만
764,조상,아도,42,35,30,66,55,남,207,221,251,249,19,조조,허창,허창,3,화시,혼란,매성,,,,5,징세,낭비,우유,오만,탐욕
765,조성,할거,54,74,38,27,34,남,163,184,251,198,147,여포,하비,하비,2,제사,매성,,,,,1,맹자,,,,
766,조순,할거,76,71,62,40,73,남,170,189,251,210,25,조조,허창,허창,4,돌격,경파,교란,매성,,,3,질주,장구,모집,,
767,조식,패도,20,22,81,70,80,남,192,206,251,232,25,조조,허창,허창,2,격려,고무,,,,,4,시상,명성,문화,주란,
768,조씨정,할거,75,80,31,20,72,여,225,239,0,248,148,,교지,교지,3,급습,교란,구축,,,,3,숲전,앙양,동요,,
769,조아,예교,44,74,66,30,64,여,153,184,0,213,40,,무위,무위,2,분전,저지,,,,,2,담력,포박,,,
770,조안민,할거,60,61,50,43,62,남,176,190,251,197,25,조조,허창,허창,1,저지,,,,,,1,동요,,,,
771,조앙,패도,74,65,66,68,77,남,175,189,251,197,25,조조,허창,허창,3,철벽,교란,저지,,,,2,일심,혈로,,,
772,조앙,왕도,61,63,52,68,60,남,176,195,0,219,21,,천수,천수,2,연노,매성,,,,,1,산전,,,,
773,조엄,왕도,72,61,71,75,74,남,171,195,0,245,27,,허창,허창,3,격려,견제,진정,,,,3,명경,운반,법률,,
774,조예,패도,75,52,82,82,90,남,205,219,251,239,25,조조,허창,허창,5,제사,격려,견제,고무,정란,,4,구심,사역,축성,낭비,
775,조예,패도,55,60,38,44,40,남,162,191,251,200,94,원소,남피,남피,1,분전,,,,,,2,운반,동요,,,
776,조우,할거,50,43,42,57,66,남,199,213,251,260,26,조조,허창,허창,2,화시,혼란,,,,,1,소욕,,,,
777,조욱,예교,45,34,71,81,79,남,153,184,251,193,93,도겸,소패,소패,3,견제,저지,혼란,,,,3,명성,교화,소욕,,
778,조운,왕도,91,96,76,65,81,남,168,187,251,229,75,유비,영안,영안,5,단기구,연노,철벽,견제,저지,,5,통찰,단기,담력,후위,호위
779,조웅,왕도,7,5,52,65,67,남,194,209,251,220,25,조조,허창,허창,0,,,,,,,1,허약,,,,
780,조인,패도,90,87,58,46,78,남,168,187,251,223,25,조조,허창,허창,5,팔문금쇄,분전,격려,대갈,저지,,5,강장,불굴,견뢰,잠재,직정
781,조자,명리,12,36,56,69,63,남,191,210,0,237,130,,완,완,0,,,,,,,1,논객,,,,
782,조절,왕도,36,4,68,70,82,여,196,210,251,260,25,조조,허창,허창,1,고무,,,,,,1,재원,,,,
783,조정,예교,13,17,57,51,58,남,200,219,0,247,81,,성도,성도,0,,,,,,,1,점술,,,,
784,조조,패도,98,72,91,94,96,남,155,184,251,220,25,조조,허창,허창,6,위무지강,급습,견제,혼란,고무,투석,5,간웅,영명,시상,둔전,선동
785,조진,패도,88,74,68,72,89,남,185,204,251,231,26,조조,허창,허창,5,돌격,격려,철벽,저지,치료,,5,견수,구심,독려,주석,모집
786,조창,아도,83,90,40,35,71,남,190,204,251,223,25,조조,허창,허창,4,황수강용,급습,대갈,교란,,,4,소탕,맹자,과감,직정,
787,조충,패도,21,14,80,76,82,남,196,207,251,208,25,조조,허창,허창,2,충차,투석,,,,,2,명경,허약,,,
788,조통,할거,68,65,61,54,57,남,209,223,251,260,75,유비,영안,영안,2,경파,대갈,,,,,1,교련,,,,
789,조표,명리,55,69,32,21,26,남,151,184,251,196,84,도겸,소패,소패,2,제사,매성,,,,,2,소심,동요,,,
790,조표,패도,55,49,58,41,68,남,195,209,251,251,21,조조,허창,허창,2,혼란,매성,,,,,3,시상,문화,경솔,,
791,조헌,예교,29,5,62,52,63,여,194,208,251,253,25,조조,허창,허창,0,,,,,,,1,응원,,,,
792,조홍,패도,79,81,44,35,54,남,169,188,251,232,24,조조,허창,허창,4,분전,돌격,저지,매성,,,5,앙양,혈로,교련,격분,탐욕
793,조홍,아도,66,72,28,22,13,남,156,184,251,184,7,장각,평원,평원,2,철벽,교란,,,,,2,적도,견뢰,,,
794,조화,예교,31,2,60,51,65,여,199,213,251,248,25,조조,허창,허창,0,,,,,,,1,응원,,,,
795,조환,왕도,15,18,30,45,64,남,246,253,251,302,26,조조,허창,허창,0,,,,,,,1,나약,,,,
796,조훈,명리,19,37,11,13,27,남,212,226,251,249,19,조조,허창,허창,1,매성,,,,,,3,징세,우유,낭비,,
797,조휴,패도,77,74,62,56,69,남,174,189,251,228,26,조조,허창,허창,4,제사,화시,교란,구축,,,4,원시,앙양,격분,오만,
798,조희,왕도,30,26,50,53,45,남,210,224,251,249,19,조조,허창,허창,0,,,,,,,3,문화,동원,우유,,
799,종리목,할거,77,71,72,65,69,남,214,233,0,269,121,,여강,여강,4,급습,교란,대갈,강습,,,4,숲전,농정,친월,소욕,
800,종예,왕도,56,32,65,66,70,남,181,211,0,264,75,,완,완,2,화시,도발,,,,,3,조달,진흥,논객,,
801,종요,예교,70,24,76,91,77,남,151,184,251,230,22,종회,강주,강주,4,연노,견제,치료,진정,,,5,조달,진흥,법률,문화,능리
802,종육,예교,32,12,71,75,70,남,223,238,251,263,22,종회,강주,강주,2,고무,치료,,,,,1,위무,,,,
803,종진,패도,56,26,38,47,40,남,166,200,251,211,22,종회,강주,강주,0,,,,,,,1,직정,,,,
804,종회,패도,83,51,91,79,62,남,225,239,251,264,20,종회,강주,강주,6,정련책수,연노,업화,도발,매성,충차,5,기략,책사,지낭,문화,오만
805,좌령,명리,47,42,49,62,41,남,153,184,251,197,3,동탁,천수,천수,0,,,,,,,1,공명,,,,
806,좌혁,왕도,61,66,51,45,56,남,232,251,0,280,122,,무릉,무릉,2,경파,구축,,,,,1,조달,,,,
807,주개,패도,68,66,44,34,40,남,178,197,0,224,37,,허창,허창,2,분전,교란,,,,,1,위무,,,,
808,주거,왕도,75,57,72,70,71,남,194,209,251,250,128,손견,시상,시상,4,화시,구축,강습,시람,,,1,조타,,,,
809,주광,명리,66,54,49,67,58,남,176,195,0,214,29,,수춘,수춘,2,철벽,진정,,,,,2,둔전,개수,,,
810,주군,예교,15,18,67,52,61,남,147,184,0,219,58,,자동,자동,0,,,,,,,1,점술,,,,
811,주령,아도,72,72,67,53,38,남,170,189,0,236,36,,평원,평원,2,분전,업화,,,,,1,축성,,,,
812,주방,명리,56,41,80,75,62,남,191,210,0,238,118,,오,오,2,저지,도발,,,,,2,언독,위무,,,
813,주삭,명리,32,35,55,66,40,남,174,196,0,253,27,,낙양,낙양,1,충차,,,,,,2,공명,격분,,,
814,주선,명리,46,50,44,25,34,남,177,196,0,212,124,,여강,여강,1,구축,,,,,,1,조타,,,,
815,주소,패도,65,71,35,32,45,남,197,211,251,230,126,손견,시상,시상,3,철벽,구축,강습,,,,1,강건,,,,
816,주앙,할거,75,65,65,53,60,남,162,184,0,196,115,,회계,회계,3,연노,경파,구축,,,,1,원시,,,,
817,주연,왕도,79,69,71,60,77,남,182,196,251,249,126,손견,시상,시상,5,화시,철벽,저지,구축,강습,,5,담력,화공,신중,견뢰,소욕
818,주우,패도,68,51,77,55,64,남,163,184,0,196,16,,회계,회계,3,화시,치료,구축,,,,2,모집,인맥,,,
819,주유,패도,97,71,96,86,94,남,175,189,251,210,125,손견,시상,시상,6,신화계,화시,격려,고무,강습,시람,5,화신,영명,악주,수전,독려
820,주윤,명리,50,56,45,22,19,남,206,220,251,239,115,손견,시상,시상,1,화시,,,,,,1,오만,,,,
821,주이,왕도,70,68,61,45,55,남,201,215,0,257,128,,오,오,4,철벽,고무,구축,시람,,,2,수전,동원,,,
822,주적,왕도,71,57,69,55,68,남,204,220,251,270,126,손견,시상,시상,3,화시,저지,구축,,,,2,규율,직정,,,
823,주조,아도,53,68,29,26,47,남,152,184,0,187,13,,영릉,영릉,1,철벽,,,,,,2,적도,공명,,,
824,주준,할거,84,63,70,71,75,남,149,184,251,195,88,하진,호뢰관,호뢰관,4,화시,업화,견제,투석,,,3,화공,모집,위무,,
825,주지,패도,65,85,41,29,44,남,233,252,0,295,32,,양양,양양,4,급습,투석,구축,시람,,,3,소탕,조타,공명,,
826,주찬,명리,63,68,34,26,41,남,192,209,0,228,21,,허창,허창,1,돌격,,,,,,1,경솔,,,,
827,주창,할거,66,84,42,33,54,남,164,184,251,219,75,유비,영안,영안,4,분전,경파,대갈,강습,,,4,장구,포박,불굴,조타,
828,주치,예교,70,56,72,73,76,남,156,184,251,224,126,손견,시상,시상,3,연노,격려,고무,,,,3,위무,친월,소욕,,
829,주태,패도,77,91,48,38,60,남,171,189,251,225,126,손견,시상,시상,5,치돌,철벽,구축,강습,시람,,5,견수,수전,호위,강건,소욕
830,주태,패도,71,63,73,64,65,남,207,226,251,261,41,사마의,장안,장안,4,화시,견제,혼란,구축,,,3,침착,독려,진흥,,
831,주포,아도,66,73,24,22,40,남,187,206,251,225,52,옹개,건녕,건녕,1,제사,,,,,,1,경솔,,,,
832,주환,아도,84,82,74,56,59,남,177,196,0,238,128,,오,오,5,급습,교란,구축,강습,시람,,4,노발,과감,동원,공명,
833,주흔,명리,65,58,73,65,62,남,159,184,251,196,11,왕랑,회계,회계,4,연노,업화,치료,구축,,,2,동원,점술,,,
834,중장통,예교,8,19,60,69,46,남,181,200,0,220,136,,복양,복양,0,,,,,,,2,인맥,학자,,,
835,진건,패도,72,71,65,61,50,남,214,233,0,292,29,,광릉,광릉,4,급습,격려,충차,구축,,,2,교련,개수,,,
836,진교,패도,61,27,76,83,65,남,175,194,0,237,29,,광릉,광릉,2,화시,저지,,,,,2,법률,능리,,,
837,진군,예교,32,14,74,97,73,남,167,186,0,235,28,,허창,허창,1,치료,,,,,,5,명성,법률,교화,능리,안목
838,진궁,명리,79,55,89,83,69,남,154,184,251,198,143,여포,하비,하비,4,기각지계,도발,진정,투석,,,5,모략,동지,언독,지낭,오만
839,진규,명리,15,5,82,77,74,남,132,184,251,206,79,도겸,소패,소패,2,저지,도발,,,,,3,언독,책사,명성,,
840,진기,패도,58,65,43,48,31,남,165,184,251,198,140,원술,여강,여강,2,화시,도발,,,,,1,개수,,,,
841,진도,할거,76,72,65,50,67,남,171,194,0,237,72,,여남,여남,3,분전,격려,업화,,,,2,교련,개수,,,
842,진등,명리,80,64,81,80,64,남,169,188,251,207,79,도겸,소패,소패,5,연노,철벽,경파,충차,투석,,5,붕벽,봉살,명성,진흥,문화
843,진란,아도,66,69,41,24,36,남,157,184,251,204,142,원술,여강,여강,2,돌격,매성,,,,,4,산전,적도,공명,경솔,
844,진랑,패도,58,70,35,15,39,남,192,211,251,234,25,여포,하비,하비,2,분전,격려,,,,,4,친선,공명,직정,탐욕,
845,진림,명리,9,9,74,78,72,남,160,184,251,217,37,원소,남피,남피,1,고무,,,,,,1,시상,,,,
846,진무,패도,74,86,43,40,63,남,176,195,0,215,124,,여강,여강,4,분전,구축,강습,시람,,,3,수전,호걸,동원,,
847,진밀,명리,14,7,70,75,76,남,160,192,0,226,66,,성도,성도,3,혼란,매성,진정,,,,3,동지,조달,학자,,
848,진송,명리,15,17,66,75,60,남,165,194,0,209,118,,광릉,광릉,0,,,,,,,2,소심,우유,,,
849,진수,예교,12,22,60,75,49,남,233,252,0,297,50,,강주,강주,0,,,,,,,1,사관,,,,
850,진수,할거,60,56,38,31,52,남,197,215,0,229,124,,여강,여강,2,구축,강습,,,,,1,조타,,,,
851,진식,아도,73,70,30,23,22,남,191,210,0,230,81,,강주,강주,3,견제,교란,정란,,,,2,산전,공명,,,
852,진응,명리,62,72,45,27,40,남,172,203,251,208,12,조범,계양,계양,2,철벽,교란,,,,,2,숲전,공명,,,
853,진의록,명리,46,45,17,13,40,남,168,191,251,199,149,여포,하비,하비,0,,,,,,,2,소심,우유,,,
854,진지,명리,42,25,65,81,23,남,216,235,251,258,75,공주,여남,여남,3,화시,도발,매성,,,,3,점술,오만,탐욕,,
855,진진,명리,46,46,67,76,75,남,170,189,0,235,79,,완,완,1,구축,,,,,,3,운반,능리,논객,,
856,진취,명리,58,65,32,28,35,남,169,196,0,208,41,,강하,강하,1,구축,,,,,,2,수전,저돌,,,
857,진태,왕도,84,73,86,78,77,남,210,224,251,260,28,등애,신야,신야,5,분전,격려,업화,진정,충차,,4,산전,침착,해제,명성,
858,진표,왕도,64,42,73,78,69,남,204,218,0,237,124,,여강,여강,2,구축,시람,,,,,3,독려,모집,소욕,,
859,진화,예교,18,28,60,74,69,남,180,203,0,252,122,,여남,여남,0,,,,,,,2,절약,논객,,,
860,진횡,할거,63,64,26,35,42,남,161,184,251,195,11,유요,건업,건업,2,돌격,업화,,,,,2,교련,단려,,,
861,차주,명리,49,52,40,58,50,남,164,184,0,199,21,,하비,하비,0,,,,,,,2,소심,소침,,,
862,착융,아도,61,68,40,21,14,남,161,184,251,195,11,유요,건업,건업,2,업화,강습,,,,,4,조달,징세,적도,탐욕,
863,창자,왕도,68,37,68,84,83,남,174,196,0,240,21,,수춘,수춘,1,치료,,,,,,3,둔전,법률,교화,,
864,창희,아도,71,70,44,35,53,남,162,184,251,206,7,도겸,소패,소패,2,연노,철벽,,,,,1,산전,,,,
865,채모,명리,77,68,77,73,59,남,160,184,251,208,36,유표,양양,양양,4,화시,매성,구축,시람,,,4,조타,인맥,소심,동요,
866,채씨,명리,11,22,70,58,68,여,159,184,251,208,36,유표,양양,양양,1,매성,,,,,,2,소침,탐욕,,,
867,채염,예교,12,11,76,80,85,여,168,184,0,234,22,,낙양,낙양,2,치료,진정,,,,,5,재원,악주,시상,문화,교화
868,채옹,예교,22,12,86,82,87,남,133,184,0,192,22,,낙양,낙양,3,치료,진정,정란,,,,5,시상,명성,문화,사관,학자
869,채중,명리,40,54,2,22,33,남,168,187,251,208,36,유표,양양,양양,1,구축,,,,,,2,소심,단려,,,
870,채화,명리,39,50,1,26,35,남,166,185,251,208,36,유표,양양,양양,1,구축,,,,,,2,소심,단려,,,
871,채훈,명리,47,57,28,34,47,남,164,188,251,208,36,유표,양양,양양,1,강습,,,,,,2,공명,직정,,,
872,천만,아도,67,61,28,30,54,남,174,193,0,263,80,,한중,한중,2,제사,매성,,,,,1,강저,,,,
873,철리길,아도,65,63,46,49,52,남,179,210,0,259,49,,천수,천수,2,돌격,대갈,,,,,2,강저,동원,,,
874,초선,왕도,20,26,81,65,95,여,176,194,251,198,145,여포,하비,하비,3,경국지무,고무,치료,,,,2,경국,악주,,,
875,초이,할거,62,68,62,41,53,남,219,238,251,266,135,관구검,수춘,수춘,2,교란,고무,,,,,1,신중,,,,
876,초주,명리,3,3,65,71,52,남,201,220,0,270,66,,성도,성도,0,,,,,,,3,점술,학자,소심,,
877,초촉,패도,65,72,33,32,39,남,159,184,251,208,39,원소,남피,남피,2,급습,대갈,,,,,1,저돌,,,,
878,최림,왕도,32,22,66,78,76,남,177,196,0,244,22,,평원,평원,1,고무,,,,,,2,진흥,안목,,,
879,최씨,명리,8,25,55,42,54,여,188,207,251,216,25,조조,허창,허창,0,,,,,,,1,낭비,,,,
880,최염,예교,18,55,70,83,76,남,162,184,0,216,20,,평원,평원,2,대갈,치료,,,,,3,동지,명성,안목,,
881,최용,할거,51,63,31,19,30,남,164,184,251,196,3,동탁,천수,천수,1,대갈,,,,,,1,저돌,,,,
882,최주평,예교,12,6,68,70,66,남,167,207,0,226,85,,남피,남피,1,정란,,,,,,2,석병,소욕,,,
883,추단,패도,61,64,34,37,39,남,148,184,251,195,65,공손찬,북평,북평,2,돌격,매성,,,,,1,교련,,,,
884,추씨,아도,4,6,54,55,72,여,165,184,251,197,148,장수,무관,무관,0,,,,,,,2,경국,악주,,,
885,추정,할거,72,65,66,56,68,남,144,184,0,193,71,,계,계,3,돌격,제사,업화,,,,3,모집,친오,친선,,
886,축융,아도,74,85,29,23,69,여,193,214,251,246,60,맹획,운남,운남,4,화신난인,급습,교란,매성,,,4,남만,앙양,저돌,격분,
887,타사대왕,명리,62,59,70,54,50,남,186,217,251,225,60,맹획,운남,운남,3,연노,업화,매성,,,,2,남만,해독,,,
888,탁응,할거,60,64,38,40,46,남,186,207,0,255,59,,강주,강주,1,제사,,,,,,1,운반,,,,
889,태사자,패도,86,93,67,58,79,남,166,185,251,209,124,공융,북해,북해,5,만천과해,화시,철벽,견제,도발,,5,강장,원시,호걸,재기,직정
890,태사향,패도,57,66,48,60,60,남,189,207,251,246,124,공융,북해,북해,2,제사,진정,,,,,1,친월,,,,
891,토안,아도,52,63,2,2,17,남,191,217,251,225,50,맹획,운남,운남,1,철벽,,,,,,4,남만,등갑,저돌,경솔,
892,파재,아도,72,74,52,25,40,남,145,184,251,184,145,장각,평원,평원,3,철벽,대갈,업화,,,,2,일심,사역,,,
893,포도,왕도,57,70,43,42,56,남,158,184,251,190,19,유대,복양,복양,1,분전,,,,,,1,공명,,,,
894,포륭,패도,58,75,49,20,28,남,174,202,251,208,12,조범,계양,계양,1,급습,,,,,,2,숲전,경솔,,,
895,포삼랑,아도,68,75,38,31,63,여,198,220,0,248,75,,강릉,강릉,4,분전,격려,구축,강습,,,2,견뢰,부호,,,
896,포신,왕도,77,67,81,73,83,남,152,184,251,192,22,유대,복양,복양,4,분전,철벽,저지,고무,,,4,불굴,독려,모집,소욕,
897,포훈,왕도,41,35,74,68,79,남,181,200,251,226,20,유대,복양,복양,2,대갈,진정,,,,,3,동지,진흥,소욕,,
898,풍습,할거,72,68,40,42,64,남,182,201,0,222,74,,강릉,강릉,2,분전,격려,,,,,1,경솔,,,,
899,풍씨,예교,3,1,45,40,66,여,177,194,251,199,140,원술,여강,여강,0,,,,,,,3,부호,소심,허약,,
900,풍해,패도,65,67,42,44,43,남,178,197,0,223,27,,여남,여남,2,분전,격려,,,,,1,교련,,,,
901,필궤,아도,38,25,42,44,16,남,199,218,0,249,19,,업,업,2,도발,매성,,,,,3,공명,낭비,오만,,
902,하달,패도,66,67,38,27,43,남,194,208,0,233,121,,회계,회계,3,격려,대갈,구축,,,,3,수전,공명,낭비,,
903,하묘,명리,35,46,34,37,32,남,143,184,251,189,81,하진,낙양,낙양,1,저지,,,,,,3,징세,낭비,오만,,
904,하식,아도,15,24,26,27,33,남,230,245,0,284,114,,오,오,0,,,,,,,3,징세,공명,탐욕,,
905,하씨,명리,32,34,65,67,60,여,150,184,251,189,81,하진,낙양,낙양,1,혼란,,,,,,4,징세,낭비,탐욕,오만,
906,하안,명리,6,27,71,68,4,남,190,209,251,249,36,하진,낙양,낙양,2,혼란,매성,,,,,5,선동,학자,소심,오만,탐욕
907,하의,아도,55,69,36,10,15,남,161,184,251,195,7,장각,평원,평원,1,분전,,,,,,2,적도,공명,,,
908,하정,명리,72,51,74,71,69,남,222,241,0,281,31,,여강,여강,2,저지,치료,,,,,3,문화,친선,소욕,,
909,하제,패도,82,73,72,64,73,남,171,189,0,227,121,,회계,회계,4,경파,투석,구축,강습,,,5,수전,숲전,앙양,친월,낭비
910,하종,예교,8,9,65,62,67,남,165,199,0,234,63,,성도,성도,0,,,,,,,1,점술,,,,
911,하증,예교,35,23,70,78,55,남,199,216,0,278,30,,허창,허창,2,혼란,매성,,,,,3,법률,낭비,탐욕,,
912,하진,왕도,40,39,6,41,71,남,135,184,251,189,90,하진,낙양,낙양,1,격려,,,,,,3,사역,경솔,우유,,
913,하후덕,패도,65,73,32,40,49,남,178,197,251,218,24,조조,허창,허창,2,돌격,매성,,,,,1,격분,,,,
914,하후돈,패도,89,90,60,74,88,남,156,184,251,220,25,조조,허창,허창,5,호기충천,분전,경파,대갈,매성,,5,효장,구심,노발,주석,격분
915,하후란,할거,59,68,44,65,57,남,168,202,0,219,30,,허창,허창,2,분전,저지,,,,,1,법률,,,,
916,하후무,아도,20,7,5,21,2,남,201,215,251,259,19,조조,허창,허창,1,매성,,,,,,5,사역,낭비,단려,오만,탐욕
917,하후상,할거,79,71,75,65,61,남,181,199,251,225,24,조조,허창,허창,5,화시,견제,업화,충차,구축,,4,화공,교련,위무,소침,
918,하후씨,예교,14,6,52,60,63,여,188,200,251,243,30,유비,영안,영안,0,,,,,,,1,응원,,,,
919,하후연,패도,92,91,55,61,79,남,162,184,251,219,25,조조,허창,허창,5,묘재연전,급습,제사,화시,교란,,5,원시,질주,과감,저돌,직정
920,하후영,패도,43,40,66,52,62,남,207,217,251,219,26,조조,허창,허창,1,고무,,,,,,1,불굴,,,,
921,하후영녀,예교,19,10,71,62,73,여,207,221,0,257,20,,허창,허창,1,진정,,,,,,1,소욕,,,,
922,하후위,패도,71,73,49,58,65,남,204,218,251,253,26,조조,허창,허창,2,돌격,도발,,,,,1,모집,,,,
923,하후유,패도,68,53,67,68,58,남,191,205,251,250,26,조조,허창,허창,2,견제,업화,,,,,1,우유,,,,
924,하후은,패도,61,66,50,45,70,남,180,194,251,208,25,조조,허창,허창,2,제사,도발,,,,,1,교련,,,,
925,하후패,패도,79,84,77,55,71,남,202,216,251,262,23,조조,허창,허창,4,돌격,경파,교란,저지,,,4,소탕,장구,과감,동요,
926,하후헌,명리,40,36,64,68,65,남,205,219,251,248,26,조조,허창,허창,1,저지,,,,,,1,공명,,,,
927,하후현,왕도,54,39,75,92,65,남,209,223,251,254,20,관구검,수춘,수춘,2,혼란,고무,,,,,5,명성,교화,능리,인맥,학자
928,하후혜,예교,50,44,75,73,68,남,208,222,251,244,26,조조,허창,허창,3,제사,저지,투석,,,,1,능리,,,,
929,하후화,명리,48,51,70,76,65,남,210,224,251,275,26,조조,허창,허창,3,저지,고무,충차,,,,1,독려,,,,
930,학맹,아도,60,66,41,34,38,남,156,184,251,197,5,여포,하비,하비,1,급습,,,,,,2,공명,나약,,,
931,학보,할거,54,36,42,68,25,남,185,209,0,233,40,,신야,신야,2,매성,구축,,,,,2,동요,우유,,,
932,학소,패도,87,79,78,62,68,남,185,204,0,229,22,,진양,진양,6,철벽,견제,저지,정란,충차,투석,5,봉살,절약,위무,견뢰,개수
933,한거자,아도,51,59,50,44,52,남,158,184,251,200,98,원소,남피,남피,2,교란,도발,,,,,1,동요,,,,
934,한기,예교,9,6,62,75,66,남,156,184,0,238,29,,완,완,2,정란,투석,,,,,1,발명,,,,
935,한기,아도,55,72,25,11,8,남,192,211,251,238,7,공손도,양평,양평,2,급습,구축,,,,,2,공명,탐욕,,,
936,한단순,예교,5,3,66,52,64,남,132,184,0,222,25,,허창,허창,0,,,,,,,2,문화,학자,,,
937,한당,할거,76,85,59,51,68,남,156,184,251,225,126,손견,시상,시상,4,돌격,경파,구축,강습,,,4,수전,위무,강건,저돌,
938,한덕,할거,62,77,24,15,52,남,171,199,0,228,19,,안정,안정,1,경파,,,,,,3,동원,친강,공명,,
939,한맹,아도,55,65,43,40,41,남,160,184,251,200,90,원소,남피,남피,2,분전,도발,,,,,2,운반,공명,,,
940,한범,아도,48,52,59,52,50,남,168,192,251,206,86,원소,남피,남피,1,철벽,,,,,,2,소심,우유,,,
941,한복,예교,18,3,27,63,59,남,149,184,251,191,93,한복,업,업,0,,,,,,,2,소심,우유,,,
942,한섬,아도,69,66,35,18,49,남,159,184,251,196,8,장각,평원,평원,2,분전,화시,,,,,3,적도,공명,탐욕,,
943,한수,아도,82,72,77,63,78,남,142,184,251,215,48,한수,안정,안정,4,급습,견제,혼란,도발,,,5,지리,질주,불굴,선동,탐욕
944,한숭,예교,25,15,70,75,60,남,154,184,0,210,40,,양양,양양,3,혼란,진정,충차,,,,2,석병,인맥,,,
945,한윤,명리,26,29,64,54,50,남,155,184,251,197,140,원술,여강,여강,1,혼란,,,,,,1,동요,,,,
946,한종,아도,64,75,28,21,15,남,201,220,0,252,45,,북평,북평,3,교란,구축,강습,,,,2,동원,공명,,,
947,한충,아도,64,67,18,12,18,남,151,184,251,184,7,장각,평원,평원,1,철벽,,,,,,2,적도,소침,,,
948,한충,명리,35,24,53,64,49,남,170,189,251,213,138,공손도,양평,양평,0,,,,,,,1,친오,,,,
949,한현,아도,22,33,7,4,1,남,163,184,251,208,9,한현,장사,장사,1,매성,,,,,,4,징세,저돌,동요,단려,
950,한형,예교,26,18,60,70,71,남,153,184,0,206,101,,계,계,0,,,,,,,2,교화,소욕,,,
951,한호,할거,69,71,68,87,64,남,164,184,251,218,27,한현,장사,장사,4,격려,견제,진정,구축,,,4,둔전,태연,규율,농정,
952,해니,아도,50,67,3,1,15,남,191,217,251,225,52,맹획,운남,운남,1,철벽,,,,,,4,남만,등갑,저돌,직정,
953,허공,아도,44,65,63,63,55,남,155,184,251,200,139,왕랑,회계,회계,2,저지,도발,,,,,2,소심,나약,,,
954,허사,명리,18,23,54,66,30,남,165,189,0,206,133,,허창,허창,1,도발,,,,,,2,소심,오만,,,
955,허유,명리,36,21,81,56,24,남,155,184,251,204,21,원소,남피,남피,4,혼란,도발,충차,분전,,,4,언독,공명,오만,탐욕,
956,허의,할거,51,74,15,16,47,남,213,227,251,263,23,종회,강주,강주,1,철벽,,,,,,1,개수,,,,
957,허자,예교,5,4,62,70,45,남,156,184,0,226,87,,신야,신야,0,,,,,,,2,명성,학자,,,
958,허저,패도,66,96,36,20,56,남,169,189,251,226,25,조조,허창,허창,4,괴력무비,분전,철벽,대갈,,,5,일심,단기,후위,호위,강건
959,허정,명리,3,5,67,79,68,남,152,184,251,222,87,공주,여남,여남,0,,,,,,,2,명성,인맥,,,
960,허정,할거,43,60,22,13,38,남,164,189,0,223,22,,허창,허창,0,,,,,,,1,모집,,,,
961,형도영,할거,60,80,41,16,12,남,174,193,251,208,12,유도,영릉,영릉,2,분전,경파,,,,,3,호걸,저돌,단려,,
962,혜강,명리,21,25,67,57,60,남,224,240,0,263,8,,허창,허창,2,도발,매성,,,,,3,악주,시상,문화,,
963,혜구,할거,48,47,34,25,37,남,167,191,251,199,144,원술,여강,여강,1,제사,,,,,,1,공명,,,,
964,호거아,아도,28,82,41,2,24,남,164,188,251,206,148,장수,완,완,3,분전,대갈,교란,,,,3,맹자,호걸,공명,,
965,호반,왕도,55,55,58,50,61,남,179,198,0,233,76,,복양,복양,2,교란,업화,,,,,1,조달,,,,
966,호분,왕도,71,76,50,52,52,남,222,236,0,288,20,,안정,안정,4,격려,경파,교란,투석,,,4,붕벽,산전,위무,잠재,
967,호연,왕도,74,71,65,46,69,남,247,261,0,301,30,,안정,안정,3,분전,대갈,매성,,,,2,과감,혈로,,,
968,호열,왕도,74,68,72,65,67,남,225,239,0,272,30,,안정,안정,4,연노,경파,업화,매성,,,3,붕벽,화공,공명,,
969,호제,왕도,58,40,68,72,66,남,207,223,0,264,76,,신야,신야,3,분전,업화,저지,,,,2,동지,우유,,,
970,호종,예교,69,53,77,69,64,남,183,196,0,243,122,,여남,여남,3,업화,도발,구축,,,,3,능리,모집,주란,,
971,호주천,할거,65,66,48,40,57,남,169,188,0,230,133,,진양,진양,2,돌격,제사,,,,,1,흉노,,,,
972,호준,왕도,77,73,52,50,63,남,200,219,0,256,20,,안정,안정,3,분전,격려,충차,,,,2,소탕,강건,,,
973,호진,아도,65,76,12,14,15,남,146,185,251,190,149,동탁,천수,천수,2,돌격,교란,,,,,3,공명,격분,탐욕,,
974,호질,예교,73,46,74,79,72,남,192,214,0,250,29,,수춘,수춘,3,제사,고무,구축,,,,4,명성,농정,능리,소욕,
975,호충,예교,20,18,58,71,62,남,225,243,0,286,118,,여남,여남,0,,,,,,,1,사관,,,,
976,화만,할거,63,70,32,26,59,여,209,223,251,239,60,맹획,운남,운남,2,분전,매성,,,,,1,남만,,,,
977,화웅,아도,83,92,58,40,57,남,155,184,251,190,1,동탁,천수,천수,4,개수일촉,돌격,대갈,교란,,,5,소탕,맹자,호걸,저돌,격분
978,화핵,명리,19,23,71,78,68,남,217,236,0,278,131,,오,오,2,충차,구축,,,,,3,신중,안목,사관,,
979,화흠,명리,25,33,82,83,14,남,157,184,251,231,10,왕랑,회계,회계,2,도발,매성,,,,,4,언독,명성,인맥,공명,
980,환계,명리,10,25,67,78,68,남,156,184,0,221,7,,장사,장사,2,업화,구축,,,,,2,선동,논객,,,
981,환린,예교,34,23,64,66,58,남,173,192,251,226,139,사섭,교지,교지,2,진정,구축,,,,,1,능리,,,,
982,환범,명리,20,11,80,73,55,남,199,218,0,249,21,,소패,소패,3,업화,혼란,진정,,,,3,운반,지낭,공명,,
983,환씨,예교,10,7,65,54,66,여,178,192,251,223,25,조조,허창,허창,0,,,,,,,1,소욕,,,,
984,황개,패도,80,83,68,65,81,남,154,184,251,218,127,손견,시상,시상,6,고육지계,화시,연노,구축,강습,시람,5,원시,화공,조타,위무,강건
985,황권,왕도,76,59,85,79,80,남,167,186,251,240,56,유언,성도,성도,5,연노,업화,진정,충차,시람,,4,태연,규율,신중,능리,
986,황란,할거,60,71,36,25,50,남,200,219,0,264,143,,건안,건안,2,대갈,교란,,,,,1,산월,,,,
987,황보개,왕도,65,55,64,54,58,남,222,241,251,272,88,종회,강주,강주,0,,,,,,,1,모집,,,,
988,황보숭,패도,90,61,73,51,75,남,132,184,251,195,88,하진,호뢰관,호뢰관,5,화시,경파,업화,충차,투석,,5,독장,붕벽,화공,절약,소욕
989,황숭,왕도,68,64,72,69,65,남,208,222,251,263,56,유언,성도,성도,3,연노,격려,구축,,,,1,지리,,,,
990,황역,할거,54,47,55,44,50,남,175,194,251,208,45,유표,양양,양양,2,화시,구축,,,,,2,조타,소심,,,
991,황완,예교,40,34,71,70,65,남,141,184,251,192,95,하진,낙양,낙양,2,저지,진정,,,,,2,명성,능리,,,
992,황월영,왕도,37,28,88,77,70,여,186,208,251,235,75,유비,영안,영안,5,연노,치료,정란,충차,투석,,3,재원,석병,발명,,
993,황조,아도,76,67,55,45,32,남,148,184,251,208,45,유표,양양,양양,4,연노,견제,구축,강습,,,3,견뢰,공명,탐욕,,
994,황충,왕도,87,93,63,52,74,남,148,184,251,222,72,한현,장사,장사,5,신궁,화시,연노,견제,매성,,5,확삭,용장,원시,공명,격분
995,황호,명리,1,1,30,10,1,남,226,245,0,263,50,,성도,성도,0,,,,,,,3,징세,소심,탐욕,,
996,후선,할거,62,66,35,55,52,남,175,194,251,228,48,한수,안정,안정,2,분전,고무,,,,,1,소침,,,,
997,후성,할거,75,74,67,55,60,남,158,184,251,199,147,여포,하비,하비,3,돌격,철벽,저지,,,,2,장구,독려,,,
998,후씨,예교,23,22,47,54,60,여,158,184,251,199,65,공손찬,북평,북평,0,,,,,,,2,응원,부호,,,
999,후음,할거,69,67,43,28,45,남,184,205,0,219,53,,완,완,2,경파,교란,,,,,2,공명,단려,,,
1000,희지재,패도,33,7,85,73,55,남,157,184,0,194,22,,허창,허창,3,혼란,진정,정란,,,,2,책사,허약,,,